Arsenictrioxide,Canalicularmultispecificorganicaniontransporter1,Inducer
Clotrimazole,Canalicularmultispecificorganicaniontransporter2,Inducer
Clotrimazole,Canalicularmultispecificorganicaniontransporter1,Inducer
Colchicine,Multidrugresistanceprotein3,Inducer
Dexamethasone,Bilesaltexportpump,Inducer
Dexamethasone,Canalicularmultispecificorganicaniontransporter1,Inducer
Eprosartan,Canalicularmultispecificorganicaniontransporter1,Inducer
Methyltestosterone,Solutecarrierfamily22member8,Inducer
Metyrapone,Canalicularmultispecificorganicaniontransporter2,Inducer
Nefazodone,Multidrugresistanceprotein1,Inducer
Omeprazole,Canalicularmultispecificorganicaniontransporter2,Inducer
Phenobarbital,Canalicularmultispecificorganicaniontransporter2,Inducer
Phenobarbital,Bilesaltexportpump,Inducer
Phenobarbital,Multidrugresistance-associatedprotein1,Inducer
Phenobarbital,Solutecarrierorganicaniontransporterfamilymember2A1,Inducer
Phenobarbital,Canalicularmultispecificorganicaniontransporter1,Inducer
Rifampicin,Multidrugresistance-associatedprotein5,Inducer
Rifampicin,Canalicularmultispecificorganicaniontransporter1,Inducer
Rifampicin,Canalicularmultispecificorganicaniontransporter2,Inducer
Sumatriptan,Solutecarrierorganicaniontransporterfamilymember1A2,Inducer
Trazodone,Multidrugresistanceprotein1,Inducer
Ursodeoxycholicacid,Canalicularmultispecificorganicaniontransporter1,Inducer
Venlafaxine,ATP-bindingcassettesub-familyGmember2,Inducer
Amiodarone,Multidrugresistanceprotein1,Inducer
Clotrimazole,Multidrugresistanceprotein1,Inducer
Lumacaftor,Multidrugresistanceprotein1,Inducer
Methyltestosterone,Solutecarrierorganicaniontransporterfamilymember1A2,Inducer
Mifepristone,Multidrugresistanceprotein1,Inducer
Ritonavir,Multidrugresistance-associatedprotein1,Inducer
Sirolimus,Multidrugresistanceprotein1,Inducer
Trimethoprim,Multidrugresistanceprotein1,Inducer
Estriol,Multidrugresistanceprotein1,Inducer
Phenobarbital,Multidrugresistanceprotein1,Inducer
Ritonavir,Canalicularmultispecificorganicaniontransporter1,Inducer
Carbamazepine,Multidrugresistanceprotein1,Inducer
Cimetidine,Multidrugresistanceprotein1,Inducer
Cyclosporine,Multidrugresistanceprotein1,Inducer
Indinavir,Multidrugresistanceprotein1,Inducer
Midazolam,Multidrugresistanceprotein1,Inducer
Nelfinavir,Multidrugresistanceprotein1,Inducer
Reserpine,Multidrugresistanceprotein1,Inducer
Rifampicin,Multidrugresistanceprotein1,Inducer
Ritonavir,Multidrugresistanceprotein1,Inducer
Saquinavir,Multidrugresistanceprotein1,Inducer
Tacrolimus,Multidrugresistanceprotein1,Inducer
Tamoxifen,Multidrugresistanceprotein1,Inducer
Ursodeoxycholicacid,Bilesaltexportpump,Inducer
Ursodeoxycholicacid,Solutecarrierorganicaniontransporterfamilymember1A2,Inducer
Verapamil,Multidrugresistanceprotein1,Inducer
Vinblastine,Multidrugresistanceprotein1,Inducer
Vinblastine,Multidrugresistance-associatedprotein1,Inducer
Vinblastine,Canalicularmultispecificorganicaniontransporter1,Inducer
Vincristine,Multidrugresistanceprotein1,Inducer
Abiraterone,Multidrugresistance-associatedprotein1,Inhibitor
Acebutolol,Solutecarrierfamily22member1,Inhibitor
Acepromazine,Solutecarrierfamily22member1,Inhibitor
Acetazolamide,Solutecarrierfamily22member6,Inhibitor
Acetylsalicylicacid,Solutecarrierfamily22member6,Inhibitor
Aciclovir,Solutecarrierfamily22member1,Inhibitor
Alectinib,ATP-bindingcassettesub-familyGmember2,Inhibitor
Alfentanil,Multidrugresistanceprotein1,Inhibitor
Alprostadil,Multidrugresistance-associatedprotein5,Inhibitor
Alprostadil,Solutecarrierorganicaniontransporterfamilymember2B1,Inhibitor
Alprostadil,Solutecarrierorganicaniontransporterfamilymember3A1,Inhibitor
Amantadine,Solutecarrierfamily22member2,Inhibitor
Amantadine,Solutecarrierfamily22member1,Inhibitor
Amantadine,Multidrugresistanceprotein1,Inhibitor
Amiloride,Solutecarrierfamily22member2,Inhibitor
Amiloride,Solutecarrierfamily22member1,Inhibitor
Amiloride,Solutecarrierfamily22member4,Inhibitor
Amoxicillin,Solutecarrierfamily15member1,Inhibitor
Amoxicillin,Solutecarrierfamily15member2,Inhibitor
Amoxicillin,Solutecarrierfamily22member6,Inhibitor
Amphetamine,Solutecarrierfamily22member3,Inhibitor
Amphetamine,Solutecarrierfamily22member5,Inhibitor
Antipyrine,Solutecarrierfamily22member6,Inhibitor
Astemizole,Multidrugresistanceprotein1,Inhibitor
Atorvastatin,Multidrugresistanceprotein1,Inhibitor
Atorvastatin,Solutecarrierorganicaniontransporterfamilymember1A2,Inhibitor
Baclofen,Solutecarrierfamily22member8,Inhibitor
Benzylpenicillin,Solutecarrierfamily22member5,Inhibitor
Benzylpenicillin,Solutecarrierfamily15member2,Inhibitor
Benzylpenicillin,Solutecarrierfamily22member6,Inhibitor
Benzylpenicillin,Solutecarrierfamily22member4,Inhibitor
Benzylpenicillin,Solutecarrierfamily22member11,Inhibitor
Bepridil,Multidrugresistanceprotein1,Inhibitor
Biperiden,Multidrugresistanceprotein1,Inhibitor
Boceprevir,Multidrugresistanceprotein1,Inhibitor
Bumetanide,Solutecarrierfamily22member6,Inhibitor
Bumetanide,Solutecarrierfamily22member8,Inhibitor
Bumetanide,Solutecarrierfamily22member11,Inhibitor
Bumetanide,Solutecarrierfamily22member7,Inhibitor
Buspirone,Multidrugresistanceprotein1,Inhibitor
Cabazitaxel,ATP-bindingcassettesub-familyGmember2,Inhibitor
Cabazitaxel,Solutecarrierorganicaniontransporterfamilymember1B1,Inhibitor
Cabazitaxel,Solutecarrierorganicaniontransporterfamilymember1B3,Inhibitor
Candesartan,Multidrugresistanceprotein1,Inhibitor
Carprofen,Solutecarrierfamily22member6,Inhibitor
Caspofungin,Solutecarrierfamily22member1,Inhibitor
Caspofungin,Multidrugresistanceprotein1,Inhibitor
Caspofungin,Solutecarrierfamily22member6,Inhibitor
Caspofungin,Solutecarrierorganicaniontransporterfamilymember1B1,Inhibitor
Cefaclor,Solutecarrierfamily15member1,Inhibitor
Cefaclor,Solutecarrierfamily15member2,Inhibitor
Cefadroxil,Solutecarrierfamily22member5,Inhibitor
Cefadroxil,Solutecarrierfamily15member2,Inhibitor
Cefadroxil,Solutecarrierfamily22member6,Inhibitor
Cefadroxil,Solutecarrierfamily22member8,Inhibitor
Cefalotin,Solutecarrierfamily22member5,Inhibitor
Cefalotin,Solutecarrierfamily15member1,Inhibitor
Cefalotin,Solutecarrierfamily15member2,Inhibitor
Cefalotin,Solutecarrierfamily22member6,Inhibitor
Cefalotin,Solutecarrierfamily22member8,Inhibitor
Cefalotin,Solutecarrierfamily22member11,Inhibitor
Cefalotin,Solutecarrierfamily22member7,Inhibitor
Cefazolin,Solutecarrierfamily22member8,Inhibitor
Cefazolin,Solutecarrierfamily22member11,Inhibitor
Cefdinir,Solutecarrierfamily22member5,Inhibitor
Cefdinir,Solutecarrierfamily15member2,Inhibitor
Cefepime,Solutecarrierfamily22member5,Inhibitor
Cefepime,Solutecarrierfamily15member1,Inhibitor
Cefepime,Solutecarrierfamily15member2,Inhibitor
Cefradine,Solutecarrierfamily22member5,Inhibitor
Cefradine,Solutecarrierfamily15member2,Inhibitor
Cefradine,Solutecarrierfamily22member6,Inhibitor
Ceftriaxone,Solutecarrierfamily15member1,Inhibitor
Ceftriaxone,Solutecarrierfamily15member2,Inhibitor
Ceftriaxone,Solutecarrierfamily22member6,Inhibitor
Ceftriaxone,Solutecarrierfamily22member8,Inhibitor
Ceftriaxone,Solutecarrierfamily22member11,Inhibitor
Celecoxib,Multidrugresistance-associatedprotein4,Inhibitor
Cephalexin,Solutecarrierfamily22member5,Inhibitor
Cephalexin,Solutecarrierfamily15member2,Inhibitor
Cephalexin,Solutecarrierfamily22member8,Inhibitor
Chlorphenamine,Solutecarrierfamily22member2,Inhibitor
Chlorphenamine,Solutecarrierfamily22member1,Inhibitor
Chlorpromazine,Solutecarrierfamily22member1,Inhibitor
Chlorpromazine,Bilesaltexportpump,Inhibitor
Chlorpropamide,Multidrugresistanceprotein1,Inhibitor
Chlorpropamide,Solutecarrierfamily15member1,Inhibitor
Chlorpropamide,Solutecarrierfamily15member2,Inhibitor
Chlorpropamide,Solutecarrierfamily22member6,Inhibitor
Chlorprothixene,Multidrugresistanceprotein1,Inhibitor
Cilastatin,Solutecarrierfamily22member6,Inhibitor
Cilastatin,Solutecarrierfamily22member8,Inhibitor
Cilazapril,Multidrugresistanceprotein1,Inhibitor
Cimetidine,Solutecarrierfamily22member5,Inhibitor
Cimetidine,Bilesaltexportpump,Inhibitor
Cimetidine,Multidrugandtoxinextrusionprotein1,Inhibitor
Cimetidine,Solutecarrierfamily22member4,Inhibitor
Cimetidine,Solutecarrierfamily22member11,Inhibitor
Clarithromycin,Solutecarrierfamily22member7,Inhibitor
Clomipramine,Multidrugresistanceprotein1,Inhibitor
Cocaine,Solutecarrierfamily22member2,Inhibitor
Colchicine,Solutecarrierfamily22member3,Inhibitor
Conjugatedestrogens,Canalicularmultispecificorganicaniontransporter2,Inhibitor
Conjugatedestrogens,Multidrugresistance-associatedprotein4,Inhibitor
Conjugatedestrogens,Multidrugresistance-associatedprotein1,Inhibitor
Conjugatedestrogens,Solutecarrierfamily22member10,Inhibitor
Cyclosporine,Canalicularmultispecificorganicaniontransporter2,Inhibitor
Cyclosporine,Bilesaltexportpump,Inhibitor
Cyclosporine,Multidrugresistance-associatedprotein1,Inhibitor
Cyclosporine,Solutecarrierorganicaniontransporterfamilymember1A2,Inhibitor
Cyclosporine,Ilealsodium/bileacidcotransporter,Inhibitor
Cyclosporine,Sodium/bileacidcotransporter,Inhibitor
Cyclosporine,Solutecarrierfamily22member6,Inhibitor
Cyclosporine,Multidrugresistance-associatedprotein7,Inhibitor
Cyclosporine,Canalicularmultispecificorganicaniontransporter1,Inhibitor
Cyclosporine,ATP-bindingcassettesub-familyGmember2,Inhibitor
Cyclosporine,Solutecarrierorganicaniontransporterfamilymember1B1,Inhibitor
Dasabuvir,ATP-bindingcassettesub-familyGmember2,Inhibitor
Desipramine,Multidrugresistanceprotein1,Inhibitor
Desipramine,Solutecarrierfamily22member1,Inhibitor
Desipramine,Solutecarrierfamily22member2,Inhibitor
Desipramine,Solutecarrierfamily22member3,Inhibitor
Desipramine,Solutecarrierfamily22member5,Inhibitor
Desipramine,Solutecarrierfamily22member4,Inhibitor
Dexamethasone,ATP-bindingcassettesub-familyGmember2,Inhibitor
Dextromethorphan,Multidrugresistanceprotein1,Inhibitor
Diclofenac,Multidrugresistance-associatedprotein4,Inhibitor
Diclofenac,Multidrugresistanceprotein1,Inhibitor
Diclofenac,Multidrugresistance-associatedprotein1,Inhibitor
Diclofenac,Solutecarrierfamily22member6,Inhibitor
Diclofenac,Solutecarrierfamily22member8,Inhibitor
Diclofenac,Solutecarrierorganicaniontransporterfamilymember1C1,Inhibitor
Diclofenac,Solutecarrierfamily22member11,Inhibitor
Dicloxacillin,Solutecarrierfamily15member1,Inhibitor
Dicloxacillin,Solutecarrierfamily15member2,Inhibitor
Diethylstilbestrol,ATP-bindingcassettesub-familyGmember2,Inhibitor
Diflunisal,Solutecarrierfamily22member6,Inhibitor
Dinoprostone,Solutecarrierfamily22member2,Inhibitor
Dinoprostone,Solutecarrierfamily22member1,Inhibitor
Dinoprostone,Multidrugresistance-associatedprotein5,Inhibitor
Dinoprostone,Solutecarrierfamily22member11,Inhibitor
Diphenhydramine,Solutecarrierfamily22member2,Inhibitor
Diphenhydramine,Solutecarrierfamily22member1,Inhibitor
Diphenhydramine,Solutecarrierfamily22member5,Inhibitor
Dipyridamole,Multidrugresistance-associatedprotein4,Inhibitor
Dipyridamole,Multidrugresistance-associatedprotein5,Inhibitor
Disopyramide,Solutecarrierfamily22member1,Inhibitor
Disopyramide,Solutecarrierfamily22member2,Inhibitor
Dopamine,Solutecarrierfamily22member3,Inhibitor
Dopamine,Solutecarrierfamily22member5,Inhibitor
Doxepin,Multidrugresistanceprotein1,Inhibitor
Dronabinol,Multidrugresistanceprotein1,Inhibitor
Dronabinol,ATP-bindingcassettesub-familyGmember2,Inhibitor
Droxidopa,Monocarboxylatetransporter10,Inhibitor
Eltrombopag,Solutecarrierorganicaniontransporterfamilymember1B1,Inhibitor
Enasidenib,Solutecarrierfamily22member6,Inhibitor
Enasidenib,Solutecarrierorganicaniontransporterfamilymember1B1,Inhibitor
Enasidenib,Solutecarrierfamily22member2,Inhibitor
Enasidenib,Solutecarrierorganicaniontransporterfamilymember1B3,Inhibitor
Enasidenib,Solutecarrierfamily22member8,Inhibitor
Epinephrine,Solutecarrierfamily22member5,Inhibitor
Ergotamine,Multidrugresistanceprotein1,Inhibitor
Erlotinib,ATP-bindingcassettesub-familyGmember2,Inhibitor
Estriol,Solutecarrierorganicaniontransporterfamilymember1A2,Inhibitor
Etodolac,Solutecarrierfamily22member6,Inhibitor
Fentanyl,Multidrugresistanceprotein1,Inhibitor
Fluconazole,Multidrugresistanceprotein1,Inhibitor
Flupentixol,Multidrugresistanceprotein1,Inhibitor
Fluphenazine,Multidrugresistanceprotein1,Inhibitor
Flurazepam,Multidrugresistanceprotein1,Inhibitor
Flurazepam,Solutecarrierfamily22member2,Inhibitor
Flurbiprofen,Multidrugresistance-associatedprotein4,Inhibitor
Flurbiprofen,Solutecarrierfamily22member6,Inhibitor
Fluvoxamine,Multidrugresistanceprotein1,Inhibitor
GammaHydroxybutyricAcid,Monocarboxylatetransporter2,Inhibitor
GammaHydroxybutyricAcid,Monocarboxylatetransporter1,Inhibitor
Gemfibrozil,Solutecarrierorganicaniontransporterfamilymember1B1,Inhibitor
Genistein,Multidrugresistanceprotein1,Inhibitor
Genistein,Multidrugresistance-associatedprotein1,Inhibitor
Genistein,ATP-bindingcassettesub-familyGmember2,Inhibitor
Glyburide,Canalicularmultispecificorganicaniontransporter2,Inhibitor
Glyburide,Bilesaltexportpump,Inhibitor
Glyburide,Multidrugresistanceprotein1,Inhibitor
Glyburide,Multidrugresistance-associatedprotein1,Inhibitor
Glyburide,Solutecarrierfamily15member1,Inhibitor
Glyburide,Solutecarrierorganicaniontransporterfamilymember1A2,Inhibitor
Glyburide,Solutecarrierfamily15member2,Inhibitor
Glyburide,Solutecarrierfamily22member6,Inhibitor
Glyburide,Canalicularmultispecificorganicaniontransporter1,Inhibitor
Glyburide,Solutecarrierfamily22member7,Inhibitor
Grepafloxacin,Solutecarrierfamily22member2,Inhibitor
Grepafloxacin,Solutecarrierfamily22member5,Inhibitor
Grepafloxacin,Canalicularmultispecificorganicaniontransporter1,Inhibitor
Ibuprofen,Multidrugresistance-associatedprotein4,Inhibitor
Ibuprofen,Multidrugresistance-associatedprotein1,Inhibitor
Ibuprofen,Solutecarrierorganicaniontransporterfamilymember1A2,Inhibitor
Ibuprofen,Solutecarrierfamily22member6,Inhibitor
Ibuprofen,Solutecarrierfamily22member8,Inhibitor
Ibuprofen,Solutecarrierfamily22member11,Inhibitor
Imatinib,Solutecarrierfamily22member2,Inhibitor
Imipramine,Solutecarrierfamily22member1,Inhibitor
Imipramine,Solutecarrierfamily22member2,Inhibitor
Imipramine,Solutecarrierfamily22member3,Inhibitor
Imipramine,Solutecarrierfamily22member4,Inhibitor
Indinavir,Solutecarrierfamily22member1,Inhibitor
Indinavir,Multidrugresistance-associatedprotein1,Inhibitor
Indinavir,Solutecarrierorganicaniontransporterfamilymember1A2,Inhibitor
Indinavir,Solutecarrierorganicaniontransporterfamilymember1B1,Inhibitor
Itraconazole,Multidrugresistanceprotein1,Inhibitor
Ivacaftor,Multidrugresistanceprotein1,Inhibitor
Ivermectin,Multidrugresistance-associatedprotein1,Inhibitor
Ivermectin,Canalicularmultispecificorganicaniontransporter1,Inhibitor
Lansoprazole,ATP-bindingcassettesub-familyGmember2,Inhibitor
Lapatinib,Multidrugresistanceprotein1,Inhibitor
Lapatinib,Antigenpeptidetransporter1,Inhibitor
Levofloxacin,Solutecarrierfamily22member2,Inhibitor
Levofloxacin,Solutecarrierfamily22member4,Inhibitor
Lobeglitazone,Solutecarrierorganicaniontransporterfamilymember1B1,Inhibitor
Lobeglitazone,Solutecarrierorganicaniontransporterfamilymember3A1,Inhibitor
Lomefloxacin,Solutecarrierfamily22member5,Inhibitor
Lomefloxacin,Canalicularmultispecificorganicaniontransporter1,Inhibitor
Lopinavir,Multidrugresistanceprotein1,Inhibitor
Loratadine,Multidrugresistanceprotein1,Inhibitor
Lovastatin,Multidrugresistanceprotein1,Inhibitor
Lovastatin,Solutecarrierorganicaniontransporterfamilymember1A2,Inhibitor
Lovastatin,Solutecarrierorganicaniontransporterfamilymember1B1,Inhibitor
L-Tryptophan,Monocarboxylatetransporter8,Inhibitor
L-Tryptophan,Monocarboxylatetransporter10,Inhibitor
Maprotiline,Multidrugresistanceprotein1,Inhibitor
Mebendazole,Multidrugresistanceprotein1,Inhibitor
Megestrolacetate,Multidrugresistanceprotein1,Inhibitor
Melatonin,Solutecarrierfamily22member8,Inhibitor
Meprobamate,Multidrugresistanceprotein1,Inhibitor
Metformin,Multidrugandtoxinextrusionprotein1,Inhibitor
Methadone,Multidrugresistanceprotein1,Inhibitor
Methamphetamine,Solutecarrierfamily22member3,Inhibitor
Methamphetamine,Solutecarrierfamily22member5,Inhibitor
Mibefradil,Multidrugresistanceprotein1,Inhibitor
Miconazole,Multidrugresistanceprotein1,Inhibitor
Midazolam,Solutecarrierfamily22member1,Inhibitor
Mifepristone,Multidrugresistance-associatedprotein1,Inhibitor
Naltrexone,Multidrugresistanceprotein1,Inhibitor
Naproxen,Solutecarrierorganicaniontransporterfamilymember1A2,Inhibitor
Naproxen,Solutecarrierfamily22member6,Inhibitor
Nelfinavir,Solutecarrierfamily22member1,Inhibitor
Nelfinavir,Solutecarrierorganicaniontransporterfamilymember1A2,Inhibitor
Nelfinavir,ATP-bindingcassettesub-familyGmember2,Inhibitor
Nelfinavir,Solutecarrierorganicaniontransporterfamilymember1B1,Inhibitor
Neostigmine,Multidrugresistanceprotein1,Inhibitor
Neratinib,ATP-bindingcassettesub-familyBmember5,Inhibitor
Nicotine,Solutecarrierfamily22member2,Inhibitor
Nicotine,Solutecarrierfamily22member1,Inhibitor
Nicotine,Solutecarrierfamily22member3,Inhibitor
Nicotine,Solutecarrierfamily22member5,Inhibitor
Nicotine,Solutecarrierfamily22member4,Inhibitor
Nisoldipine,Multidrugresistanceprotein1,Inhibitor
Nitrazepam,Multidrugresistanceprotein1,Inhibitor
Norfloxacin,Solutecarrierfamily22member5,Inhibitor
Norfloxacin,Solutecarrierfamily22member6,Inhibitor
Ofloxacin,Solutecarrierfamily22member5,Inhibitor
Ofloxacin,Multidrugresistance-associatedprotein1,Inhibitor
Ofloxacin,Solutecarrierfamily22member6,Inhibitor
Ofloxacin,Canalicularmultispecificorganicaniontransporter1,Inhibitor
Ofloxacin,Solutecarrierfamily22member4,Inhibitor
Omeprazole,Multidrugresistanceprotein1,Inhibitor
Omeprazole,ATP-bindingcassettesub-familyGmember2,Inhibitor
Oxacillin,Solutecarrierfamily15member1,Inhibitor
Oxacillin,Solutecarrierfamily15member2,Inhibitor
Oxprenolol,Solutecarrierfamily22member2,Inhibitor
Pantoprazole,Multidrugresistanceprotein1,Inhibitor
Pantoprazole,ATP-bindingcassettesub-familyGmember2,Inhibitor
Pantoprazole,Solutecarrierorganicaniontransporterfamilymember1B1,Inhibitor
Paroxetine,Multidrugresistanceprotein1,Inhibitor
Pazopanib,Solutecarrierorganicaniontransporterfamilymember1B1,Inhibitor
Pazopanib,UDP-glucuronosyltransferase1-1,Inhibitor
Phenformin,Solutecarrierfamily22member2,Inhibitor
Phenylbutazone,Solutecarrierfamily22member6,Inhibitor
Phenylbutazone,Solutecarrierfamily22member8,Inhibitor
Phenylbutazone,Solutecarrierfamily22member11,Inhibitor
Phenytoin,Solutecarrierorganicaniontransporterfamilymember1C1,Inhibitor
Pimozide,Multidrugresistanceprotein1,Inhibitor
Pioglitazone,Solutecarrierorganicaniontransporterfamilymember1B1,Inhibitor
Piperacillin,Solutecarrierfamily22member6,Inhibitor
Posaconazole,Multidrugresistanceprotein1,Inhibitor
Pravastatin,Solutecarrierorganicaniontransporterfamilymember1A2,Inhibitor
Pravastatin,Solutecarrierfamily22member6,Inhibitor
Pravastatin,Solutecarrierfamily22member11,Inhibitor
Pravastatin,Solutecarrierfamily22member7,Inhibitor
Prednisolone,Solutecarrierorganicaniontransporterfamilymember1A2,Inhibitor
Prednisone,Solutecarrierorganicaniontransporterfamilymember1A2,Inhibitor
Probenecid,Solutecarrierfamily22member2,Inhibitor
Probenecid,Solutecarrierfamily22member1,Inhibitor
Probenecid,Canalicularmultispecificorganicaniontransporter2,Inhibitor
Probenecid,Multidrugresistance-associatedprotein4,Inhibitor
Probenecid,Multidrugresistance-associatedprotein5,Inhibitor
Probenecid,Monocarboxylatetransporter2,Inhibitor
Probenecid,Solutecarrierfamily22member5,Inhibitor
Probenecid,Multidrugresistance-associatedprotein6,Inhibitor
Probenecid,Multidrugresistanceprotein1,Inhibitor
Probenecid,Multidrugresistance-associatedprotein1,Inhibitor
Probenecid,Solutecarrierorganicaniontransporterfamilymember1A2,Inhibitor
Probenecid,Monocarboxylatetransporter1,Inhibitor
Probenecid,Sodium/bileacidcotransporter,Inhibitor
Probenecid,Solutecarrierfamily22member6,Inhibitor
Probenecid,Solutecarrierfamily22member10,Inhibitor
Probenecid,Solutecarrierfamily22member8,Inhibitor
Probenecid,ATP-bindingcassettesub-familyCmember11,Inhibitor
Probenecid,Solutecarrierfamily22member11,Inhibitor
Probenecid,Solutecarrierorganicaniontransporterfamilymember1C1,Inhibitor
Probenecid,Solutecarrierfamily22member7,Inhibitor
Probenecid,Solutecarrierfamily22member12,Inhibitor
Probenecid,"Solutecarrierfamily2,facilitatedglucosetransportermember9",Inhibitor
Propafenone,Multidrugresistanceprotein1,Inhibitor
Protriptyline,Multidrugresistanceprotein1,Inhibitor
Quinidine,Solutecarrierfamily22member2,Inhibitor
Quinidine,Solutecarrierfamily22member5,Inhibitor
Quinidine,Bilesaltexportpump,Inhibitor
Quinidine,Solutecarrierorganicaniontransporterfamilymember1A2,Inhibitor
Quinidine,Solutecarrierfamily22member8,Inhibitor
Quinidine,Canalicularmultispecificorganicaniontransporter1,Inhibitor
Quinidine,Solutecarrierfamily22member4,Inhibitor
Quinidine,Solutecarrierorganicaniontransporterfamilymember1B1,Inhibitor
Rabeprazole,ATP-bindingcassettesub-familyGmember2,Inhibitor
Ranitidine,Solutecarrierfamily22member1,Inhibitor
Reboxetine,Multidrugresistanceprotein1,Inhibitor
Reserpine,Solutecarrierfamily22member1,Inhibitor
Reserpine,Bilesaltexportpump,Inhibitor
Reserpine,Canalicularmultispecificorganicaniontransporter1,Inhibitor
Rifampicin,Multidrugresistance-associatedprotein1,Inhibitor
Rifampicin,Solutecarrierorganicaniontransporterfamilymember2B1,Inhibitor
Rifampicin,Bilesaltexportpump,Inhibitor
Rifampicin,Solutecarrierorganicaniontransporterfamilymember1A2,Inhibitor
Rifampicin,Solutecarrierfamily22member7,Inhibitor
Rifampicin,Solutecarrierorganicaniontransporterfamilymember1B1,Inhibitor
Rilpivirine,Multidrugresistanceprotein1,Inhibitor
Rilpivirine,ATP-bindingcassettesub-familyGmember2,Inhibitor
Rilpivirine,Solutecarrierorganicaniontransporterfamilymember1B1,Inhibitor
Rilpivirine,Solutecarrierorganicaniontransporterfamilymember1B3,Inhibitor
Ritonavir,Solutecarrierorganicaniontransporterfamilymember1A2,Inhibitor
Ritonavir,ATP-bindingcassettesub-familyGmember2,Inhibitor
Ritonavir,Solutecarrierorganicaniontransporterfamilymember1B1,Inhibitor
Rocuronium,Solutecarrierfamily22member1,Inhibitor
Rofecoxib,Multidrugresistance-associatedprotein4,Inhibitor
Rosiglitazone,Solutecarrierorganicaniontransporterfamilymember1B1,Inhibitor
Saquinavir,Solutecarrierfamily22member1,Inhibitor
Saquinavir,Solutecarrierorganicaniontransporterfamilymember1A2,Inhibitor
Saquinavir,ATP-bindingcassettesub-familyGmember2,Inhibitor
Saquinavir,Solutecarrierorganicaniontransporterfamilymember1B1,Inhibitor
Selegiline,Multidrugresistanceprotein1,Inhibitor
Sertraline,Multidrugresistanceprotein1,Inhibitor
Sildenafil,Multidrugresistance-associatedprotein4,Inhibitor
Sildenafil,Multidrugresistance-associatedprotein5,Inhibitor
Sildenafil,Multidrugresistance-associatedprotein7,Inhibitor
Simeprevir,Sodium/bileacidcotransporter,Inhibitor
Simeprevir,Bilesaltexportpump,Inhibitor
Simvastatin,Multidrugresistanceprotein1,Inhibitor
Simvastatin,Solutecarrierorganicaniontransporterfamilymember1A2,Inhibitor
Sirolimus,Solutecarrierorganicaniontransporterfamilymember1B1,Inhibitor
Sorafenib,Multidrugresistance-associatedprotein4,Inhibitor
Sorafenib,Canalicularmultispecificorganicaniontransporter1,Inhibitor
Sulfasalazine,Proton-coupledfolatetransporter,Inhibitor
Sulfinpyrazone,Canalicularmultispecificorganicaniontransporter2,Inhibitor
Sulfinpyrazone,Multidrugresistance-associatedprotein4,Inhibitor
Sulfinpyrazone,Multidrugresistance-associatedprotein5,Inhibitor
Sulfinpyrazone,Multidrugresistance-associatedprotein6,Inhibitor
Sulfinpyrazone,Multidrugresistanceprotein1,Inhibitor
Sulfinpyrazone,Multidrugresistance-associatedprotein1,Inhibitor
Sumatriptan,Multidrugresistanceprotein1,Inhibitor
Tacrine,Multidrugresistanceprotein1,Inhibitor
Tamoxifen,Bilesaltexportpump,Inhibitor
Terazosin,Multidrugresistanceprotein1,Inhibitor
Terfenadine,Multidrugresistanceprotein1,Inhibitor
Tolbutamide,Solutecarrierfamily15member1,Inhibitor
Tolbutamide,Solutecarrierorganicaniontransporterfamilymember1A2,Inhibitor
Tolbutamide,Solutecarrierfamily15member2,Inhibitor
Tolbutamide,Solutecarrierfamily22member6,Inhibitor
Trifluoperazine,Multidrugresistanceprotein1,Inhibitor
Triflupromazine,Multidrugresistanceprotein1,Inhibitor
Trimipramine,Multidrugresistanceprotein1,Inhibitor
Troglitazone,Bilesaltexportpump,Inhibitor
Troglitazone,Solutecarrierorganicaniontransporterfamilymember1B1,Inhibitor
Ursodeoxycholicacid,Multidrugresistance-associatedprotein4,Inhibitor
Ursodeoxycholicacid,Ilealsodium/bileacidcotransporter,Inhibitor
Valaciclovir,Solutecarrierfamily15member2,Inhibitor
ValproicAcid,Solutecarrierfamily22member6,Inhibitor
Vandetanib,Multidrugresistance-associatedprotein1,Inhibitor
Vandetanib,ATP-bindingcassettesub-familyGmember2,Inhibitor
Vecuronium,Solutecarrierfamily22member1,Inhibitor
Verapamil,Solutecarrierfamily22member1,Inhibitor
Verapamil,Canalicularmultispecificorganicaniontransporter2,Inhibitor
Verapamil,Multidrugresistance-associatedprotein4,Inhibitor
Verapamil,Solutecarrierfamily22member5,Inhibitor
Verapamil,Bilesaltexportpump,Inhibitor
Verapamil,Multidrugresistance-associatedprotein1,Inhibitor
Verapamil,Solutecarrierorganicaniontransporterfamilymember1A2,Inhibitor
Verapamil,Multidrugresistance-associatedprotein7,Inhibitor
Verapamil,Canalicularmultispecificorganicaniontransporter1,Inhibitor
Verapamil,Solutecarrierfamily22member4,Inhibitor
Verapamil,ATP-bindingcassettesub-familyGmember2,Inhibitor
Verapamil,Solutecarrierorganicaniontransporterfamilymember1B1,Inhibitor
Vinblastine,Multidrugresistance-associatedprotein6,Inhibitor
Vincristine,Canalicularmultispecificorganicaniontransporter2,Inhibitor
Vincristine,Solutecarrierfamily22member3,Inhibitor
Vinorelbine,Multidrugresistanceprotein1,Inhibitor
Amiodarone,Multidrugresistanceprotein1,Inhibitor
Clotrimazole,Multidrugresistanceprotein1,Inhibitor
Lumacaftor,Multidrugresistanceprotein1,Inhibitor
Methyltestosterone,Solutecarrierorganicaniontransporterfamilymember1A2,Inhibitor
Mifepristone,Multidrugresistanceprotein1,Inhibitor
Ritonavir,Multidrugresistance-associatedprotein1,Inhibitor
Sirolimus,Multidrugresistanceprotein1,Inhibitor
Trimethoprim,Multidrugresistanceprotein1,Inhibitor
Aciclovir,Solutecarrierfamily22member6,Inhibitor
Aciclovir,Solutecarrierfamily22member8,Inhibitor
Amitriptyline,Multidrugresistanceprotein1,Inhibitor
Atazanavir,Multidrugresistanceprotein1,Inhibitor
Atazanavir,Multidrugresistance-associatedprotein1,Inhibitor
Atenolol,Multidrugresistanceprotein1,Inhibitor
Atorvastatin,Solutecarrierorganicaniontransporterfamilymember1B1,Inhibitor
Benzylpenicillin,Solutecarrierfamily15member1,Inhibitor
Benzylpenicillin,Solutecarrierfamily22member8,Inhibitor
Bumetanide,Sodium/bileacidcotransporter,Inhibitor
Cabazitaxel,Multidrugresistanceprotein1,Inhibitor
Caffeine,Multidrugresistanceprotein1,Inhibitor
Canagliflozin,Multidrugresistanceprotein1,Inhibitor
Cefadroxil,Solutecarrierfamily15member1,Inhibitor
Cefazolin,Solutecarrierfamily22member6,Inhibitor
Cefdinir,Solutecarrierfamily15member1,Inhibitor
Cefradine,Solutecarrierfamily15member1,Inhibitor
Cephalexin,Solutecarrierfamily15member1,Inhibitor
Cephalexin,Solutecarrierfamily22member6,Inhibitor
Chlorpromazine,Multidrugresistanceprotein1,Inhibitor
Cidofovir,Solutecarrierfamily22member6,Inhibitor
Cimetidine,Solutecarrierfamily22member2,Inhibitor
Cimetidine,Solutecarrierfamily22member1,Inhibitor
Cimetidine,Solutecarrierfamily22member3,Inhibitor
Cimetidine,Solutecarrierfamily22member6,Inhibitor
Cimetidine,Solutecarrierfamily22member8,Inhibitor
Cimetidine,Solutecarrierfamily22member7,Inhibitor
Ciprofloxacin,Multidrugresistanceprotein1,Inhibitor
Citalopram,Multidrugresistanceprotein1,Inhibitor
Citalopram,Sodium-dependentdopaminetransporter,Inhibitor
Citalopram,Sodium-dependentnoradrenalinetransporter,Inhibitor
Citalopram,Sodium-dependentserotonintransporter,Inhibitor
Clarithromycin,Multidrugresistanceprotein1,Inhibitor
Colchicine,Multidrugresistanceprotein1,Inhibitor
Conjugatedestrogens,Solutecarrierorganicaniontransporterfamilymember1A2,Inhibitor
Conjugatedestrogens,Solutecarrierorganicaniontransporterfamilymember1C1,Inhibitor
Crizotinib,Multidrugresistanceprotein1,Inhibitor
Dasatinib,Multidrugresistanceprotein1,Inhibitor
Dasatinib,ATP-bindingcassettesub-familyGmember2,Inhibitor
Dinoprostone,Solutecarrierfamily22member6,Inhibitor
Dinoprostone,Solutecarrierfamily22member8,Inhibitor
Dinoprostone,Solutecarrierfamily22member7,Inhibitor
Dipyridamole,Multidrugresistanceprotein1,Inhibitor
Dopamine,Solutecarrierfamily22member2,Inhibitor
Dopamine,Solutecarrierfamily22member1,Inhibitor
Enasidenib,Multidrugresistanceprotein1,Inhibitor
Enasidenib,ATP-bindingcassettesub-familyGmember2,Inhibitor
Epinephrine,Solutecarrierfamily22member2,Inhibitor
Epinephrine,Solutecarrierfamily22member1,Inhibitor
Etoposide,Canalicularmultispecificorganicaniontransporter2,Inhibitor
Etoposide,Multidrugresistance-associatedprotein6,Inhibitor
Etoposide,Multidrugresistanceprotein1,Inhibitor
Etoposide,Multidrugresistance-associatedprotein1,Inhibitor
Etoposide,Multidrugresistance-associatedprotein7,Inhibitor
Etoposide,Canalicularmultispecificorganicaniontransporter1,Inhibitor
Fexofenadine,Multidrugresistanceprotein1,Inhibitor
Fidaxomicin,Multidrugresistanceprotein1,Inhibitor
Fluvastatin,Solutecarrierorganicaniontransporterfamilymember1B1,Inhibitor
Glyburide,ATP-bindingcassettesub-familyGmember2,Inhibitor
Grepafloxacin,Multidrugresistanceprotein1,Inhibitor
Haloperidol,Multidrugresistanceprotein1,Inhibitor
Imatinib,Solutecarrierfamily22member1,Inhibitor
Imatinib,Multidrugresistanceprotein1,Inhibitor
Imatinib,ATP-bindingcassettesub-familyGmember2,Inhibitor
Imipramine,Multidrugresistanceprotein1,Inhibitor
Ivermectin,Multidrugresistanceprotein1,Inhibitor
Lansoprazole,Multidrugresistanceprotein1,Inhibitor
Levofloxacin,Multidrugresistanceprotein1,Inhibitor
Loperamide,Multidrugresistanceprotein1,Inhibitor
Metformin,Solutecarrierfamily22member1,Inhibitor
Metformin,Solutecarrierfamily22member2,Inhibitor
Phenformin,Solutecarrierfamily22member1,Inhibitor
Pravastatin,Solutecarrierorganicaniontransporterfamilymember1B1,Inhibitor
Pravastatin,Solutecarrierorganicaniontransporterfamilymember2B1,Inhibitor
Pravastatin,Solutecarrierfamily22member8,Inhibitor
Pravastatin,Canalicularmultispecificorganicaniontransporter1,Inhibitor
Pravastatin,ATP-bindingcassettesub-familyGmember2,Inhibitor
Prednisone,Multidrugresistanceprotein1,Inhibitor
Probenecid,Canalicularmultispecificorganicaniontransporter1,Inhibitor
Quinidine,Solutecarrierfamily22member1,Inhibitor
Quinidine,Multidrugresistanceprotein1,Inhibitor
Ranitidine,Multidrugresistanceprotein1,Inhibitor
Rifampicin,Solutecarrierorganicaniontransporterfamilymember1B3,Inhibitor
Simeprevir,Multidrugresistanceprotein1,Inhibitor
Simeprevir,Solutecarrierorganicaniontransporterfamilymember1B1,Inhibitor
Simeprevir,Solutecarrierorganicaniontransporterfamilymember1B3,Inhibitor
Simeprevir,Canalicularmultispecificorganicaniontransporter1,Inhibitor
Simeprevir,ATP-bindingcassettesub-familyGmember2,Inhibitor
Simvastatin,Solutecarrierorganicaniontransporterfamilymember1B1,Inhibitor
Sulfasalazine,ATP-bindingcassettesub-familyGmember2,Inhibitor
Sulfinpyrazone,Canalicularmultispecificorganicaniontransporter1,Inhibitor
Tegaserod,Sodium-dependentserotonintransporter,Inhibitor
Telaprevir,Multidrugresistanceprotein1,Inhibitor
Temsirolimus,Multidrugresistanceprotein1,Inhibitor
Ticagrelor,Multidrugresistanceprotein1,Inhibitor
Ursodeoxycholicacid,Sodium/bileacidcotransporter,Inhibitor
Valaciclovir,Solutecarrierfamily15member1,Inhibitor
Venlafaxine,Multidrugresistanceprotein1,Inhibitor
Vinblastine,Bilesaltexportpump,Inhibitor
Vincristine,Multidrugresistance-associatedprotein1,Inhibitor
Vincristine,Multidrugresistance-associatedprotein7,Inhibitor
Vincristine,Canalicularmultispecificorganicaniontransporter1,Inhibitor
Carbamazepine,Multidrugresistanceprotein1,Inhibitor
Cimetidine,Multidrugresistanceprotein1,Inhibitor
Cyclosporine,Multidrugresistanceprotein1,Inhibitor
Indinavir,Multidrugresistanceprotein1,Inhibitor
Midazolam,Multidrugresistanceprotein1,Inhibitor
Nelfinavir,Multidrugresistanceprotein1,Inhibitor
Reserpine,Multidrugresistanceprotein1,Inhibitor
Rifampicin,Multidrugresistanceprotein1,Inhibitor
Ritonavir,Multidrugresistanceprotein1,Inhibitor
Saquinavir,Multidrugresistanceprotein1,Inhibitor
Tacrolimus,Multidrugresistanceprotein1,Inhibitor
Tamoxifen,Multidrugresistanceprotein1,Inhibitor
Ursodeoxycholicacid,Bilesaltexportpump,Inhibitor
Ursodeoxycholicacid,Solutecarrierorganicaniontransporterfamilymember1A2,Inhibitor
Verapamil,Multidrugresistanceprotein1,Inhibitor
Vinblastine,Multidrugresistanceprotein1,Inhibitor
Vinblastine,Multidrugresistance-associatedprotein1,Inhibitor
Vinblastine,Canalicularmultispecificorganicaniontransporter1,Inhibitor
Vincristine,Multidrugresistanceprotein1,Inhibitor
Acebutolol,Multidrugresistanceprotein1,Substrate
Acetylsalicylicacid,Multidrugresistanceprotein1,Substrate
Acetylsalicylicacid,Solutecarrierfamily22member7,Substrate
Aciclovir,Ilealsodium/bileacidcotransporter,Substrate
Aciclovir,Multidrugandtoxinextrusionprotein1,Substrate
Aciclovir,Multidrugandtoxinextrusionprotein2,Substrate
Agmatine,Solutecarrierfamily22member1,Substrate
Agmatine,Solutecarrierfamily22member2,Substrate
Agmatine,Solutecarrierfamily22member3,Substrate
Agmatine,Y+Laminoacidtransporter1,Substrate
Alprostadil,Multidrugresistance-associatedprotein4,Substrate
Alprostadil,Solutecarrierorganicaniontransporterfamilymember2A1,Substrate
ArbaclofenPlacarbil,Monocarboxylatetransporter1,Substrate
Arsenictrioxide,Multidrugresistanceprotein1,Substrate
Atorvastatin,Multidrugresistance-associatedprotein4,Substrate
Atorvastatin,Multidrugresistance-associatedprotein5,Substrate
Atorvastatin,Multidrugresistance-associatedprotein1,Substrate
Atorvastatin,Solutecarrierorganicaniontransporterfamilymember2B1,Substrate
Atorvastatin,Solutecarrierorganicaniontransporterfamilymember1B3,Substrate
Avibactam,Canalicularmultispecificorganicaniontransporter1,Substrate
Avibactam,Solutecarrierfamily22member8,Substrate
Belinostat,Multidrugresistanceprotein1,Substrate
Benzylpenicillin,Solutecarrierorganicaniontransporterfamilymember2B1,Substrate
Benzylpenicillin,Solutecarrierorganicaniontransporterfamilymember4A1,Substrate
Benzylpenicillin,Solutecarrierorganicaniontransporterfamilymember3A1,Substrate
Benzylpenicillin,Solutecarrierorganicaniontransporterfamilymember1B1,Substrate
Bumetanide,Solutecarrierorganicaniontransporterfamilymember1A2,Substrate
Canagliflozin,Canalicularmultispecificorganicaniontransporter1,Substrate
Carbamazepine,RalA-bindingprotein1,Substrate
Carbamazepine,Canalicularmultispecificorganicaniontransporter1,Substrate
Caspofungin,Solutecarrierorganicaniontransporterfamilymember1B3,Substrate
Cefazolin,Multidrugresistance-associatedprotein4,Substrate
Ceftizoxime,Solutecarrierfamily15member1,Substrate
Cephalexin,Multidrugandtoxinextrusionprotein1,Substrate
Ceritinib,Multidrugresistanceprotein1,Substrate
Cerivastatin,Multidrugresistanceprotein1,Substrate
Cerivastatin,Canalicularmultispecificorganicaniontransporter1,Substrate
Cerivastatin,ATP-bindingcassettesub-familyGmember2,Substrate
Cerivastatin,Solutecarrierorganicaniontransporterfamilymember1B1,Substrate
Cilazapril,Solutecarrierfamily15member1,Substrate
Cilazapril,Solutecarrierfamily15member2,Substrate
Clopidogrel,Multidrugresistanceprotein1,Substrate
Clozapine,Multidrugresistanceprotein1,Substrate
Colchicine,Multidrugresistance-associatedprotein1,Substrate
Conjugatedestrogens,Solutecarrierorganicaniontransporterfamilymember2B1,Substrate
Conjugatedestrogens,Solutecarrierfamily22member6,Substrate
Conjugatedestrogens,Organicsolutetransportersubunitbeta,Substrate
Conjugatedestrogens,Solutecarrierorganicaniontransporterfamilymember4A1,Substrate
Conjugatedestrogens,Solutecarrierorganicaniontransporterfamilymember1B3,Substrate
Conjugatedestrogens,Solutecarrierorganicaniontransporterfamilymember3A1,Substrate
Dabigatranetexilate,Multidrugresistanceprotein1,Substrate
Dasabuvir,ATP-bindingcassettesub-familyBmember5,Substrate
Debrisoquin,Multidrugresistanceprotein1,Substrate
Delafloxacin,ATP-bindingcassettesub-familyBmember5,Substrate
Delafloxacin,ATP-bindingcassettesub-familyGmember2,Substrate
Diazepam,Multidrugresistanceprotein1,Substrate
Diethylstilbestrol,Multidrugresistanceprotein1,Substrate
Dinoprostone,Multidrugresistance-associatedprotein4,Substrate
Dinoprostone,Solutecarrierorganicaniontransporterfamilymember2B1,Substrate
Dinoprostone,Solutecarrierorganicaniontransporterfamilymember1A2,Substrate
Dinoprostone,Organicsolutetransportersubunitalpha,Substrate
Dinoprostone,Organicsolutetransportersubunitbeta,Substrate
Dinoprostone,Solutecarrierorganicaniontransporterfamilymember2A1,Substrate
Dinoprostone,Solutecarrierorganicaniontransporterfamilymember4A1,Substrate
Dinoprostone,Solutecarrierorganicaniontransporterfamilymember1C1,Substrate
Dinoprostone,Solutecarrierorganicaniontransporterfamilymember3A1,Substrate
Dinoprostone,Solutecarrierorganicaniontransporterfamilymember1B1,Substrate
Docetaxel,Multidrugresistanceprotein1,Substrate
Docetaxel,Multidrugresistance-associatedprotein7,Substrate
Docetaxel,Solutecarrierorganicaniontransporterfamilymember1B3,Substrate
Docetaxel,Solutecarrierfamily22member7,Substrate
Docetaxel,ATP-bindingcassettesub-familyGmember2,Substrate
Docetaxel,Canalicularmultispecificorganicaniontransporter1,Substrate
Docetaxel,Multidrugresistance-associatedprotein1,Substrate
Dopamine,"POUdomain,class5,transcriptionfactor1",Substrate
Droxidopa,Sodium-dependentnoradrenalinetransporter,Substrate
Edoxaban,Multidrugresistanceprotein1,Substrate
Eletriptan,Multidrugresistanceprotein1,Substrate
Erlotinib,Multidrugresistanceprotein1,Substrate
Etoposide,ATP-bindingcassettesub-familyGmember2,Substrate
Fexofenadine,Solutecarrierorganicaniontransporterfamilymember2B1,Substrate
Fexofenadine,Solutecarrierorganicaniontransporterfamilymember1A2,Substrate
Fluticasonefuroate,Multidrugresistanceprotein1,Substrate
Fluvastatin,Solutecarrierorganicaniontransporterfamilymember1B3,Substrate
GammaHydroxybutyricAcid,Monocarboxylatetransporter4,Substrate
Glyburide,Solutecarrierorganicaniontransporterfamilymember2B1,Substrate
Grazoprevir,Multidrugresistanceprotein1,Substrate
Grazoprevir,Solutecarrierorganicaniontransporterfamilymember1B1,Substrate
Grazoprevir,Solutecarrierorganicaniontransporterfamilymember1B3,Substrate
Grepafloxacin,Multidrugresistance-associatedprotein1,Substrate
Grepafloxacin,Solutecarrierfamily22member6,Substrate
Ibuprofen,Solutecarrierorganicaniontransporterfamilymember2B1,Substrate
Ibuprofen,Multidrugresistanceprotein1,Substrate
Imatinib,ATP-bindingcassettesub-familyAmember3,Substrate
Indacaterol,Multidrugresistanceprotein1,Substrate
Indinavir,Canalicularmultispecificorganicaniontransporter1,Substrate
Inositolnicotinate,Sodium-coupledmonocarboxylatetransporter1,Substrate
Inotuzumabozogamicin,Multidrugresistanceprotein1,Substrate
Ivermectin,ATP-bindingcassettesub-familyGmember2,Substrate
Ketazolam,Multidrugresistanceprotein1,Substrate
Lamotrigine,Multidrugresistanceprotein1,Substrate
Latanoprost,Solutecarrierorganicaniontransporterfamilymember2B1,Substrate
Leflunomide,ATP-bindingcassettesub-familyGmember2,Substrate
Levofloxacin,Solutecarrierfamily22member6,Substrate
Levomilnacipran,Multidrugresistanceprotein1,Substrate
Lifitegrast,Solutecarrierorganicaniontransporterfamilymember1A2,Substrate
Lifitegrast,Solutecarrierorganicaniontransporterfamilymember2B1,Substrate
Linagliptin,Multidrugresistanceprotein1,Substrate
Lovastatin,Canalicularmultispecificorganicaniontransporter1,Substrate
Meloxicam,Multidrugresistance-associatedprotein4,Substrate
Memantine,Solutecarrierfamily22member2,Substrate
Metformin,Solutecarrierfamily22member3,Substrate
Metformin,Equilibrativenucleosidetransporter4,Substrate
Mirabegron,Multidrugresistanceprotein1,Substrate
Mirabegron,Solutecarrierorganicaniontransporterfamilymember1A2,Substrate
Montelukast,Solutecarrierorganicaniontransporterfamilymember2B1,Substrate
Mycophenolatemofetil,Solutecarrierorganicaniontransporterfamilymember1B1,Substrate
Mycophenolatemofetil,Solutecarrierorganicaniontransporterfamilymember1B3,Substrate
Mycophenolatemofetil,Canalicularmultispecificorganicaniontransporter1,Substrate
Mycophenolatemofetil,ATP-bindingcassettesub-familyGmember2,Substrate
Mycophenolatemofetil,Multidrugresistanceprotein1,Substrate
Nafamostat,Solutecarrierfamily22member1,Substrate
Nafamostat,Solutecarrierfamily22member2,Substrate
Nitrofurantoin,ATP-bindingcassettesub-familyGmember2,Substrate
Nizatidine,Multidrugresistanceprotein1,Substrate
Oseltamivir,Multidrugresistance-associatedprotein4,Substrate
Oseltamivir,Solutecarrierfamily15member1,Substrate
Oseltamivir,Solutecarrierfamily22member8,Substrate
Osimertinib,Multidrugresistanceprotein1,Substrate
Osimertinib,ATP-bindingcassettesub-familyGmember2,Substrate
Panobinostat,Multidrugresistanceprotein1,Substrate
Pazopanib,Multidrugresistanceprotein1,Substrate
Pazopanib,ATP-bindingcassettesub-familyGmember2,Substrate
Phenytoin,Multidrugresistanceprotein1,Substrate
Phenytoin,Canalicularmultispecificorganicaniontransporter1,Substrate
Pitavastatin,Solutecarrierorganicaniontransporterfamilymember1B1,Substrate
Pitavastatin,Solutecarrierorganicaniontransporterfamilymember1B3,Substrate
Pitavastatin,Solutecarrierorganicaniontransporterfamilymember2B1,Substrate
Pitavastatin,Sodium/bileacidcotransporter,Substrate
Pitavastatin,ATP-bindingcassettesub-familyGmember2,Substrate
Pitavastatin,Multidrugresistanceprotein1,Substrate
Pitavastatin,Canalicularmultispecificorganicaniontransporter1,Substrate
Pralatrexate,Folatetransporter1,Substrate
Pramipexole,Solutecarrierfamily22member2,Substrate
Pramipexole,Solutecarrierfamily22member1,Substrate
Pravastatin,Monocarboxylatetransporter1,Substrate
Pravastatin,Bilesaltexportpump,Substrate
Prednisolone,Multidrugresistanceprotein1,Substrate
Quetiapine,Multidrugresistanceprotein1,Substrate
Ranitidine,Solutecarrierfamily22member8,Substrate
Repaglinide,Solutecarrierorganicaniontransporterfamilymember1B1,Substrate
Reserpine,Solutecarrierfamily22member2,Substrate
Ribavirin,Equilibrativenucleosidetransporter1,Substrate
Ribavirin,Solutecarrierfamily28member3,Substrate
Risperidone,Multidrugresistanceprotein1,Substrate
Rivaroxaban,Multidrugresistanceprotein1,Substrate
Rocuronium,Solutecarrierorganicaniontransporterfamilymember1A2,Substrate
Romidepsin,Multidrugresistanceprotein1,Substrate
Romidepsin,Solutecarrierorganicaniontransporterfamilymember1B3,Substrate
Rosuvastatin,Multidrugresistance-associatedprotein1,Substrate
Rosuvastatin,Multidrugresistance-associatedprotein4,Substrate
Rosuvastatin,Solutecarrierorganicaniontransporterfamilymember1A2,Substrate
Rosuvastatin,Solutecarrierorganicaniontransporterfamilymember1B1,Substrate
Rosuvastatin,Solutecarrierorganicaniontransporterfamilymember1B3,Substrate
Rosuvastatin,Solutecarrierorganicaniontransporterfamilymember2B1,Substrate
Saquinavir,Multidrugresistance-associatedprotein1,Substrate
Saquinavir,Canalicularmultispecificorganicaniontransporter1,Substrate
Saxagliptin,Multidrugresistance-associatedprotein1,Substrate
Saxagliptin,Solutecarrierorganicaniontransporterfamilymember4C1,Substrate
Saxagliptin,Solutecarrierfamily22member8,Substrate
Selexipag,Solutecarrierorganicaniontransporterfamilymember1B1,Substrate
Selexipag,Solutecarrierorganicaniontransporterfamilymember1B3,Substrate
Selexipag,Multidrugresistanceprotein1,Substrate
Simeprevir,Solutecarrierorganicaniontransporterfamilymember2B1,Substrate
Simvastatin,Canalicularmultispecificorganicaniontransporter1,Substrate
Sitagliptin,Multidrugresistanceprotein1,Substrate
Sorafenib,RalA-bindingprotein1,Substrate
Spirapril,Solutecarrierfamily15member1,Substrate
Spirapril,Solutecarrierfamily15member2,Substrate
Sulfasalazine,Canalicularmultispecificorganicaniontransporter1,Substrate
Sumatriptan,ATP-bindingcassettesub-familyGmember2,Substrate
Sumatriptan,Solutecarrierorganicaniontransporterfamilymember1B1,Substrate
Tacrolimus,ATP-bindingcassettesub-familyAmember5,Substrate
Tamoxifen,ATP-bindingcassettesub-familyGmember2,Substrate
Tamoxifen,Canalicularmultispecificorganicaniontransporter1,Substrate
Teniposide,Multidrugresistance-associatedprotein6,Substrate
Teniposide,ATP-bindingcassettesub-familyGmember2,Substrate
Tenofovirdisoproxil,Solutecarrierfamily22member6,Substrate
Tenofovirdisoproxil,Solutecarrierfamily22member8,Substrate
Tenofovirdisoproxil,Multidrugresistance-associatedprotein7,Substrate
Tenofovirdisoproxil,Multidrugresistance-associatedprotein4,Substrate
Tenofovirdisoproxil,Canalicularmultispecificorganicaniontransporter1,Substrate
Tiotropium,Solutecarrierfamily22member5,Substrate
Tiotropium,Solutecarrierfamily22member4,Substrate
Tolbutamide,Solutecarrierorganicaniontransporterfamilymember2B1,Substrate
Toremifene,Multidrugresistanceprotein1,Substrate
Trandolapril,Solutecarrierfamily15member1,Substrate
Trandolapril,Solutecarrierfamily15member2,Substrate
Trastuzumabemtansine,Multidrugresistanceprotein1,Substrate
Umeclidinium,Multidrugresistanceprotein1,Substrate
Valaciclovir,Solutecarrierfamily22member8,Substrate
ValproicAcid,Monocarboxylatetransporter1,Substrate
Valsartan,Solutecarrierorganicaniontransporterfamilymember1B3,Substrate
Valsartan,Solutecarrierorganicaniontransporterfamilymember1B1,Substrate
Vecuronium,Multidrugresistanceprotein1,Substrate
Venetoclax,Multidrugresistanceprotein1,Substrate
Venetoclax,ATP-bindingcassettesub-familyGmember2,Substrate
Vinblastine,Solutecarrierfamily22member2,Substrate
Vincristine,Bilesaltexportpump,Substrate
Vincristine,ATP-bindingcassettesub-familyGmember2,Substrate
Vincristine,RalA-bindingprotein1,Substrate
Zalcitabine,Solutecarrierfamily22member6,Substrate
Zalcitabine,Solutecarrierfamily22member7,Substrate
Zoledronicacid,Multidrugresistance-associatedprotein1,Substrate
Estriol,Multidrugresistanceprotein1,Substrate
Phenobarbital,Multidrugresistanceprotein1,Substrate
Ritonavir,Canalicularmultispecificorganicaniontransporter1,Substrate
Aciclovir,Solutecarrierfamily22member6,Substrate
Aciclovir,Solutecarrierfamily22member8,Substrate
Amitriptyline,Multidrugresistanceprotein1,Substrate
Atazanavir,Multidrugresistanceprotein1,Substrate
Atazanavir,Multidrugresistance-associatedprotein1,Substrate
Atenolol,Multidrugresistanceprotein1,Substrate
Atorvastatin,Solutecarrierorganicaniontransporterfamilymember1B1,Substrate
Benzylpenicillin,Solutecarrierfamily15member1,Substrate
Benzylpenicillin,Solutecarrierfamily22member8,Substrate
Bumetanide,Sodium/bileacidcotransporter,Substrate
Cabazitaxel,Multidrugresistanceprotein1,Substrate
Caffeine,Multidrugresistanceprotein1,Substrate
Canagliflozin,Multidrugresistanceprotein1,Substrate
Cefadroxil,Solutecarrierfamily15member1,Substrate
Cefazolin,Solutecarrierfamily22member6,Substrate
Cefdinir,Solutecarrierfamily15member1,Substrate
Cefradine,Solutecarrierfamily15member1,Substrate
Cephalexin,Solutecarrierfamily15member1,Substrate
Cephalexin,Solutecarrierfamily22member6,Substrate
Chlorpromazine,Multidrugresistanceprotein1,Substrate
Cidofovir,Solutecarrierfamily22member6,Substrate
Cimetidine,Solutecarrierfamily22member2,Substrate
Cimetidine,Solutecarrierfamily22member1,Substrate
Cimetidine,Solutecarrierfamily22member3,Substrate
Cimetidine,Solutecarrierfamily22member6,Substrate
Cimetidine,Solutecarrierfamily22member8,Substrate
Cimetidine,Solutecarrierfamily22member7,Substrate
Ciprofloxacin,Multidrugresistanceprotein1,Substrate
Citalopram,Multidrugresistanceprotein1,Substrate
Citalopram,Sodium-dependentdopaminetransporter,Substrate
Citalopram,Sodium-dependentnoradrenalinetransporter,Substrate
Citalopram,Sodium-dependentserotonintransporter,Substrate
Clarithromycin,Multidrugresistanceprotein1,Substrate
Colchicine,Multidrugresistanceprotein1,Substrate
Conjugatedestrogens,Solutecarrierorganicaniontransporterfamilymember1A2,Substrate
Conjugatedestrogens,Solutecarrierorganicaniontransporterfamilymember1C1,Substrate
Crizotinib,Multidrugresistanceprotein1,Substrate
Dasatinib,Multidrugresistanceprotein1,Substrate
Dasatinib,ATP-bindingcassettesub-familyGmember2,Substrate
Dinoprostone,Solutecarrierfamily22member6,Substrate
Dinoprostone,Solutecarrierfamily22member8,Substrate
Dinoprostone,Solutecarrierfamily22member7,Substrate
Dipyridamole,Multidrugresistanceprotein1,Substrate
Dopamine,Solutecarrierfamily22member2,Substrate
Dopamine,Solutecarrierfamily22member1,Substrate
Enasidenib,Multidrugresistanceprotein1,Substrate
Enasidenib,ATP-bindingcassettesub-familyGmember2,Substrate
Epinephrine,Solutecarrierfamily22member2,Substrate
Epinephrine,Solutecarrierfamily22member1,Substrate
Etoposide,Canalicularmultispecificorganicaniontransporter2,Substrate
Etoposide,Multidrugresistance-associatedprotein6,Substrate
Etoposide,Multidrugresistanceprotein1,Substrate
Etoposide,Multidrugresistance-associatedprotein1,Substrate
Etoposide,Multidrugresistance-associatedprotein7,Substrate
Etoposide,Canalicularmultispecificorganicaniontransporter1,Substrate
Fexofenadine,Multidrugresistanceprotein1,Substrate
Fidaxomicin,Multidrugresistanceprotein1,Substrate
Fluvastatin,Solutecarrierorganicaniontransporterfamilymember1B1,Substrate
Glyburide,ATP-bindingcassettesub-familyGmember2,Substrate
Grepafloxacin,Multidrugresistanceprotein1,Substrate
Haloperidol,Multidrugresistanceprotein1,Substrate
Imatinib,Solutecarrierfamily22member1,Substrate
Imatinib,Multidrugresistanceprotein1,Substrate
Imatinib,ATP-bindingcassettesub-familyGmember2,Substrate
Imipramine,Multidrugresistanceprotein1,Substrate
Ivermectin,Multidrugresistanceprotein1,Substrate
Lansoprazole,Multidrugresistanceprotein1,Substrate
Levofloxacin,Multidrugresistanceprotein1,Substrate
Loperamide,Multidrugresistanceprotein1,Substrate
Metformin,Solutecarrierfamily22member1,Substrate
Metformin,Solutecarrierfamily22member2,Substrate
Phenformin,Solutecarrierfamily22member1,Substrate
Pravastatin,Solutecarrierorganicaniontransporterfamilymember1B1,Substrate
Pravastatin,Solutecarrierorganicaniontransporterfamilymember2B1,Substrate
Pravastatin,Solutecarrierfamily22member8,Substrate
Pravastatin,Canalicularmultispecificorganicaniontransporter1,Substrate
Pravastatin,ATP-bindingcassettesub-familyGmember2,Substrate
Prednisone,Multidrugresistanceprotein1,Substrate
Probenecid,Canalicularmultispecificorganicaniontransporter1,Substrate
Quinidine,Solutecarrierfamily22member1,Substrate
Quinidine,Multidrugresistanceprotein1,Substrate
Ranitidine,Multidrugresistanceprotein1,Substrate
Rifampicin,Solutecarrierorganicaniontransporterfamilymember1B3,Substrate
Simeprevir,Multidrugresistanceprotein1,Substrate
Simeprevir,Solutecarrierorganicaniontransporterfamilymember1B1,Substrate
Simeprevir,Solutecarrierorganicaniontransporterfamilymember1B3,Substrate
Simeprevir,Canalicularmultispecificorganicaniontransporter1,Substrate
Simeprevir,ATP-bindingcassettesub-familyGmember2,Substrate
Simvastatin,Solutecarrierorganicaniontransporterfamilymember1B1,Substrate
Sulfasalazine,ATP-bindingcassettesub-familyGmember2,Substrate
Sulfinpyrazone,Canalicularmultispecificorganicaniontransporter1,Substrate
Tegaserod,Sodium-dependentserotonintransporter,Substrate
Telaprevir,Multidrugresistanceprotein1,Substrate
Temsirolimus,Multidrugresistanceprotein1,Substrate
Ticagrelor,Multidrugresistanceprotein1,Substrate
Ursodeoxycholicacid,Sodium/bileacidcotransporter,Substrate
Valaciclovir,Solutecarrierfamily15member1,Substrate
Venlafaxine,Multidrugresistanceprotein1,Substrate
Vinblastine,Bilesaltexportpump,Substrate
Vincristine,Multidrugresistance-associatedprotein1,Substrate
Vincristine,Multidrugresistance-associatedprotein7,Substrate
Vincristine,Canalicularmultispecificorganicaniontransporter1,Substrate
Carbamazepine,Multidrugresistanceprotein1,Substrate
Cimetidine,Multidrugresistanceprotein1,Substrate
Cyclosporine,Multidrugresistanceprotein1,Substrate
Indinavir,Multidrugresistanceprotein1,Substrate
Midazolam,Multidrugresistanceprotein1,Substrate
Nelfinavir,Multidrugresistanceprotein1,Substrate
Reserpine,Multidrugresistanceprotein1,Substrate
Rifampicin,Multidrugresistanceprotein1,Substrate
Ritonavir,Multidrugresistanceprotein1,Substrate
Saquinavir,Multidrugresistanceprotein1,Substrate
Tacrolimus,Multidrugresistanceprotein1,Substrate
Tamoxifen,Multidrugresistanceprotein1,Substrate
Ursodeoxycholicacid,Bilesaltexportpump,Substrate
Ursodeoxycholicacid,Solutecarrierorganicaniontransporterfamilymember1A2,Substrate
Verapamil,Multidrugresistanceprotein1,Substrate
Vinblastine,Multidrugresistanceprotein1,Substrate
Vinblastine,Multidrugresistance-associatedprotein1,Substrate
Vinblastine,Canalicularmultispecificorganicaniontransporter1,Substrate
Vincristine,Multidrugresistanceprotein1,Substrate
Cobimetinib,Solutecarrierorganicaniontransporterfamilymember1B1,Inhibitor
Cobimetinib,Solutecarrierorganicaniontransporterfamilymember1B1,Substrate
Cobimetinib,Solutecarrierorganicaniontransporterfamilymember1B3,Inhibitor
Cobimetinib,Solutecarrierorganicaniontransporterfamilymember1B3,Substrate
Cobimetinib,ATP-bindingcassettesub-familyGmember2,Inhibitor
