Trifluoperazine,Xanthinedehydrogenase/oxidase,Inhibitor
Rifaximin,CytochromeP4503A4,Inducer
Phenylbutazone,CytochromeP4503A4,Inducer
Orlistat,CytochromeP4503A4,Inducer
Mitotane,CytochromeP4503A4,Inducer
Probenecid,CytochromeP4502C8,Inducer
Probenecid,CytochromeP4503A4,Inducer
Nandrolonedecanoate,CytochromeP45019A1,Inducer
Aminoglutethimide,CytochromeP4503A4,Inducer
Aminoglutethimide,CytochromeP4501A2,Inducer
Aminoglutethimide,CytochromeP4502C19,Inducer
Oxiconazole,CytochromeP4503A4,Inducer
Troglitazone,CytochromeP4502B6,Inducer
Clozapine,CytochromeP4501A1,Inducer
Clozapine,CytochromeP4501B1,Inducer
Cefaclor,Myeloperoxidase,Inducer
Rilpivirine,CytochromeP4501A2,Inducer
Dicyclomine,CytochromeP4501A1,Inducer
Beclomethasonedipropionate,CytochromeP4503A5,Inducer
Dextropropoxyphene,CytochromeP4503A7,Inducer
Secobarbital,CytochromeP4502C8,Inducer
Secobarbital,CytochromeP4502C9,Inducer
Secobarbital,CytochromeP4501A2,Inducer
Topiramate,CytochromeP4503A4,Inducer
Rabeprazole,CytochromeP4501A1,Inducer
Rabeprazole,CytochromeP4501A2,Inducer
Alimemazine,CytochromeP4503A4,Inducer
Cefradine,CytochromeP4503A4,Inducer
Sulfathiazole,CytochromeP45019A1,Inducer
Eslicarbazepineacetate,CytochromeP4503A4,Inducer
Eletriptan,CytochromeP4502A6,Inducer
Pentobarbital,CytochromeP4503A4,Inducer
Pentobarbital,CytochromeP4502A6,Inducer
Sulfinpyrazone,CytochromeP4502B6,Inducer
Cerivastatin,CytochromeP4502B6,Inducer
Rifapentine,CytochromeP4502C8,Inducer
Rifapentine,CytochromeP4502C9,Inducer
Rifapentine,CytochromeP4503A4,Inducer
Rifapentine,CytochromeP4502D6,Inducer
Rifapentine,CytochromeP4503A43,Inducer
Rifapentine,CytochromeP4503A5,Inducer
Rifapentine,CytochromeP4503A7,Inducer
Lumacaftor,CytochromeP4503A4,Inducer
Lumacaftor,CytochromeP4502B6,Inducer
Lumacaftor,CytochromeP4502C19,Inducer
Mebendazole,CytochromeP4501A1,Inducer
Thiabendazole,CytochromeP4501A1,Inducer
Flupentixol,Aromatic-L-amino-aciddecarboxylase,Inducer
Risedronate,ProstaglandinG/Hsynthase2,Inducer
Rufinamide,CytochromeP4503A4,Inducer
Tafluprost,ProstaglandinG/Hsynthase2,Inducer
Ceftriaxone,Glutaminesynthetase,Inducer
Omeprazole,CytochromeP4501A1,Inducer
Omeprazole,CytochromeP4501B1,Inducer
Lansoprazole,CytochromeP4501A1,Inducer
Lansoprazole,CytochromeP4501A2,Inducer
Lansoprazole,CytochromeP4501B1,Inducer
Lansoprazole,CytochromeP4504A11,Inducer
Simvastatin,CytochromeP4502B6,Inducer
Dinoprostone,CytochromeP45019A1,Inducer
Colchicine,CytochromeP4502E1,Inducer
Doxylamine,CYP2Bprotein,Inducer
Acetylsalicylicacid,CytochromeP4502C19,Inducer
Amantadine,Aromatic-L-amino-aciddecarboxylase,Inducer
Clotrimazole,CytochromeP4503A7,Inducer
Fluvastatin,CytochromeP4502B6,Inducer
Osimertinib,CytochromeP4503A4,Inducer
Osimertinib,CytochromeP4501A2,Inducer
Prednisone,CytochromeP4502C19,Inducer
Rifampicin,CytochromeP4501A2,Inducer
Rifampicin,UDP-glucuronosyltransferase1-1,Inducer
Rifampicin,CytochromeP4502B6,Inducer
Rifampicin,CytochromeP4502C19,Inducer
Rifampicin,CytochromeP4502E1,Inducer
Rifampicin,CytochromeP4503A43,Inducer
Rifampicin,CytochromeP4503A5,Inducer
Rifampicin,CytochromeP4503A7,Inducer
Rifampicin,CytochromeP4504A11,Inducer
Phenobarbital,CytochromeP4502B6,Inducer
Phenobarbital,CytochromeP4502C8,Inducer
Phenobarbital,CytochromeP4503A4,Inducer
Phenobarbital,CytochromeP4501A2,Inducer
Phenobarbital,CytochromeP4503A5,Inducer
Phenobarbital,CytochromeP4504A11,Inducer
Phenobarbital,CytochromeP4501A1,Inducer
Phenobarbital,CytochromeP4501B1,Inducer
Phenobarbital,CytochromeP4502C18,Inducer
Phenobarbital,CytochromeP4503A7,Inducer
Phenobarbital,CytochromeP4504B1,Inducer
Methyltestosterone,CytochromeP45019A1,Inducer
Dexamethasone,CytochromeP4502C9,Inducer
Dexamethasone,CytochromeP45019A1,Inducer
Dexamethasone,CytochromeP4501B1,Inducer
Dexamethasone,CytochromeP4502A6,Inducer
Dexamethasone,CytochromeP4502B6,Inducer
Dexamethasone,CytochromeP4502C19,Inducer
Dexamethasone,CytochromeP4502C8,Inducer
Dexamethasone,CytochromeP4502D6,Inducer
Dexamethasone,CytochromeP4502E1,Inducer
Dexamethasone,CytochromeP4503A43,Inducer
Dexamethasone,CytochromeP4504A11,Inducer
Ethanol,CytochromeP4504A11,Inducer
Delafloxacin,CytochromeP4502E1,Inducer
Delafloxacin,CytochromeP4502C9,Inducer
Delafloxacin,CytochromeP4503A4,Inducer
Phenelzine,CytochromeP4502E1,Inducer
Reserpine,CytochromeP4503A5,Inducer
Dicloxacillin,CytochromeP4503A4,Inducer
Armodafinil,CytochromeP4503A4,Inducer
Armodafinil,CytochromeP4503A5,Inducer
Armodafinil,CytochromeP4501A2,Inducer
Armodafinil,CytochromeP4502B6,Inducer
Hydroxyprogesteronecaproate,CytochromeP4502C19,Inducer
Atorvastatin,CytochromeP4502B6,Inducer
Teniposide,CytochromeP4502C9,Inhibitor
Erlotinib,UDP-glucuronosyltransferase1-1,Inhibitor
Etoposide,CytochromeP4502C8,Inhibitor
Panobinostat,CytochromeP4502D6,Inhibitor
Ticagrelor,CytochromeP4502D6,Inhibitor
Ticagrelor,CytochromeP4502C9,Inhibitor
Ethotoin,CytochromeP4502C19,Inhibitor
Dexfenfluramine,CytochromeP4502A6,Inhibitor
Dexfenfluramine,CytochromeP4502C19,Inhibitor
Dexfenfluramine,CytochromeP4502C9,Inhibitor
Dexfenfluramine,CytochromeP4502E1,Inhibitor
Fluconazole,CytochromeP4503A4,Inhibitor
Fluconazole,CytochromeP4502C9,Inhibitor
Fluconazole,CytochromeP4502C19,Inhibitor
Fluconazole,CytochromeP4503A5,Inhibitor
Fluconazole,CytochromeP4503A7,Inhibitor
Fluconazole,"CytochromeP45011B1,mitochondrial",Inhibitor
Fluconazole,CytochromeP4501A2,Inhibitor
Ziprasidone,CytochromeP4502D6,Inhibitor
Terbutaline,Cholinesterase,Inhibitor
Orlistat,CytosolicphospholipaseA2,Inhibitor
Nitrazepam,CytochromeP4502E1,Inhibitor
Probenecid,CytochromeP4502C9,Inhibitor
Probenecid,CytochromeP4502C19,Inhibitor
Temsirolimus,CytochromeP4502D6,Inhibitor
Clarithromycin,CytochromeP4501A2,Inhibitor
Lobeglitazone,CytochromeP4501A2,Inhibitor
Lobeglitazone,CytochromeP4502C9,Inhibitor
Lobeglitazone,CytochromeP4502C19,Inhibitor
Zonisamide,CytochromeP4502C19,Inhibitor
Cinacalcet,CytochromeP4502D6,Inhibitor
Norelgestromin,Steryl-sulfatase,Inhibitor
Nandrolonedecanoate,Amineoxidase[flavin-containing]B,Inhibitor
Nandrolonedecanoate,Amineoxidase[flavin-containing]A,Inhibitor
Triazolam,CytochromeP4502C8,Inhibitor
Triazolam,CytochromeP4502C9,Inhibitor
Abiraterone,CytochromeP4502D6,Inhibitor
Abiraterone,CytochromeP4502C8,Inhibitor
Abiraterone,CytochromeP4501A2,Inhibitor
Abiraterone,CytochromeP4502C19,Inhibitor
Abiraterone,CytochromeP4502C9,Inhibitor
Phencyclidine,CytochromeP4502B6,Inhibitor
EllagicAcid,CytochromeP4502E1,Inhibitor
Troglitazone,CytochromeP45019A1,Inhibitor
Meloxicam,"6-phosphogluconatedehydrogenase,decarboxylating",Inhibitor
Clozapine,CytochromeP4502E1,Inhibitor
Biperiden,CytochromeP4502D6,Inhibitor
Pimozide,CytochromeP4502C19,Inhibitor
Pimozide,CytochromeP4502D6,Inhibitor
Pimozide,CytochromeP4502E1,Inhibitor
Rilpivirine,CytochromeP4502C19,Inhibitor
Rilpivirine,CytochromeP4502B6,Inhibitor
Ciprofloxacin,CytochromeP4501A2,Inhibitor
Ciprofloxacin,CytochromeP4503A4,Inhibitor
Ciprofloxacin,CytochromeP4503A5,Inhibitor
Ciprofloxacin,CytochromeP4503A7,Inhibitor
Celecoxib,CytochromeP4502D6,Inhibitor
Celecoxib,CytochromeP4502C8,Inhibitor
Midazolam,CytochromeP4502E1,Inhibitor
Memantine,CytochromeP4502B6,Inhibitor
Memantine,CytochromeP4502A6,Inhibitor
Memantine,CytochromeP4502C19,Inhibitor
Ceritinib,CytochromeP4503A4,Inhibitor
Ceritinib,CytochromeP4502C9,Inhibitor
Ethopropazine,Cholinesterase,Inhibitor
Carbinoxamine,CytochromeP4502D6,Inhibitor
Norfloxacin,CytochromeP4501A2,Inhibitor
Norfloxacin,CytochromeP4503A4,Inhibitor
Norfloxacin,CytochromeP4503A5,Inhibitor
Norfloxacin,CytochromeP4503A7,Inhibitor
Norfloxacin,CytochromeP4501A1,Inhibitor
Norfloxacin,CytochromeP4502A6,Inhibitor
Cyclizine,CytochromeP4502C9,Inhibitor
Methylnaltrexone,CytochromeP4502D6,Inhibitor
Lovastatin,CytochromeP4502C8,Inhibitor
Lovastatin,CytochromeP4502C19,Inhibitor
Lovastatin,CytochromeP4502D6,Inhibitor
Phenylpropanolamine,Amineoxidase[flavin-containing]A,Inhibitor
Phenylpropanolamine,CytochromeP4501A2,Inhibitor
Voriconazole,CytochromeP4503A5,Inhibitor
Voriconazole,CytochromeP4503A7,Inhibitor
Simeprevir,CytochromeP4501A2,Inhibitor
Simeprevir,CytochromeP4503A4,Inhibitor
Candesartan,CytochromeP4502C8,Inhibitor
Citalopram,CytochromeP4501A2,Inhibitor
Citalopram,CytochromeP4502B6,Inhibitor
Valdecoxib,CytochromeP4502C19,Inhibitor
Tolcapone,CytochromeP4502C9,Inhibitor
Rosiglitazone,CytochromeP4501A2,Inhibitor
Rosiglitazone,CytochromeP4502A6,Inhibitor
Rosiglitazone,CytochromeP4502C19,Inhibitor
Rosiglitazone,CytochromeP4502D6,Inhibitor
Dextropropoxyphene,CytochromeP4502D6,Inhibitor
Dextropropoxyphene,CytochromeP4502C8,Inhibitor
Dextropropoxyphene,CytochromeP4502C9,Inhibitor
Tamoxifen,CytochromeP4502C8,Inhibitor
Tamoxifen,Livercarboxylesterase1,Inhibitor
Tamoxifen,CytochromeP45019A1,Inhibitor
Atazanavir,CytochromeP4501A2,Inhibitor
Cyclosporine,CytochromeP4502C19,Inhibitor
Cyclosporine,CytochromeP4502C8,Inhibitor
Cyclosporine,CytochromeP4502C9,Inhibitor
Cyclosporine,CytochromeP4502D6,Inhibitor
Diethylcarbamazine,Cholinesterase,Inhibitor
Tofisopam,CytochromeP4503A4,Inhibitor
AminosalicylicAcid,Myeloperoxidase,Inhibitor
Topiramate,CytochromeP4502C19,Inhibitor
Gabapentin,"Branched-chain-amino-acidaminotransferase,cytosolic",Inhibitor
Rabeprazole,CytochromeP4502C9,Inhibitor
Rabeprazole,CytochromeP4502D6,Inhibitor
Rabeprazole,CytochromeP4502C8,Inhibitor
Salbutamol,CytochromeP4503A4,Inhibitor
Arsenictrioxide,CytochromeP4501A1,Inhibitor
Arsenictrioxide,CytochromeP4501B1,Inhibitor
Arsenictrioxide,CytochromeP4503A4,Inhibitor
Fluvoxamine,CytochromeP4501A1,Inhibitor
Fluvoxamine,CytochromeP4503A4,Inhibitor
Fluvoxamine,CytochromeP4503A5,Inhibitor
Fluvoxamine,CytochromeP4503A7,Inhibitor
Fluvoxamine,CytochromeP4502C9,Inhibitor
Fluvoxamine,CytochromeP4502C19,Inhibitor
Fluvoxamine,CytochromeP4502B6,Inhibitor
Chlorpromazine,CytochromeP4502E1,Inhibitor
Chlorpromazine,Cholinesterase,Inhibitor
Amiodarone,CytochromeP4503A5,Inhibitor
Amiodarone,CytochromeP4503A7,Inhibitor
Amiodarone,CytochromeP4502A6,Inhibitor
Stiripentol,CytochromeP4502C19,Inhibitor
Stiripentol,CytochromeP4502D6,Inhibitor
Stiripentol,CytochromeP4503A4,Inhibitor
Stiripentol,CytochromeP4502C9,Inhibitor
Paroxetine,CytochromeP4502C9,Inhibitor
Paroxetine,CytochromeP4502B6,Inhibitor
Paroxetine,CytochromeP4502C8,Inhibitor
Paroxetine,CytochromeP4501A2,Inhibitor
Ticlopidine,CytochromeP4502C9,Inhibitor
Ticlopidine,CytochromeP4502C8,Inhibitor
Ticlopidine,CytochromeP4501A2,Inhibitor
Ticlopidine,CytochromeP4501A1,Inhibitor
Ticlopidine,CytochromeP4502B6,Inhibitor
Ticlopidine,CytochromeP4502E1,Inhibitor
Tranylcypromine,CytochromeP4503A4,Inhibitor
Tranylcypromine,CytochromeP4502D6,Inhibitor
Tranylcypromine,CytochromeP4502C9,Inhibitor
Tranylcypromine,CytochromeP4502C19,Inhibitor
Tranylcypromine,CytochromeP4501A2,Inhibitor
Tranylcypromine,CytochromeP4502E1,Inhibitor
Tranylcypromine,CytochromeP4502A6,Inhibitor
Tioconazole,CytochromeP45019A1,Inhibitor
Tioconazole,CytochromeP4501A2,Inhibitor
Tioconazole,CytochromeP4502C19,Inhibitor
Tioconazole,CytochromeP4502C8,Inhibitor
Tioconazole,CytochromeP4502C9,Inhibitor
Tioconazole,CytochromeP4502E1,Inhibitor
Tioconazole,CytochromeP4503A4,Inhibitor
Tioconazole,CytochromeP4502D6,Inhibitor
Eslicarbazepineacetate,CytochromeP4502C19,Inhibitor
Nabumetone,Myeloperoxidase,Inhibitor
Propylthiouracil,Myeloperoxidase,Inhibitor
Propylthiouracil,Dopaminebeta-hydroxylase,Inhibitor
Propylthiouracil,Dopaminebeta-hydroxylase,Inhibitor
Selegiline,CytochromeP4502D6,Inhibitor
Selegiline,CytochromeP4502E1,Inhibitor
Agomelatine,CytochromeP4501A2,Inhibitor
Agomelatine,CytochromeP4502C9,Inhibitor
Cerivastatin,CytochromeP4502D6,Inhibitor
Cerivastatin,CytochromeP4502C19,Inhibitor
Felbamate,CytochromeP4502C19,Inhibitor
Metyrapone,"CytochromeP45011B2,mitochondrial",Inhibitor
Metyrapone,CytochromeP4502A6,Inhibitor
Metyrapone,"CytochromeP45011B1,mitochondrial",Inhibitor
Metyrapone,CytochromeP4502E1,Inhibitor
Nefazodone,CYP2Bprotein,Inhibitor
Nefazodone,CytochromeP4503A5,Inhibitor
Nefazodone,CytochromeP4503A7,Inhibitor
Nefazodone,CytochromeP4501A2,Inhibitor
Suramin,ArylsulfataseA,Inhibitor
Suramin,CytosolicphospholipaseA2,Inhibitor
Crizotinib,CytochromeP4502B6,Inhibitor
Ranitidine,CytochromeP4503A4,Inhibitor
Ranitidine,CytochromeP4503A5,Inhibitor
Phentermine,Amineoxidase[flavin-containing]A,Inhibitor
Phentermine,Amineoxidase[flavin-containing]B,Inhibitor
Phentermine,CytochromeP4501A2,Inhibitor
Phentermine,CytochromeP4502D6,Inhibitor
Indinavir,CytochromeP4502C19,Inhibitor
Indinavir,CytochromeP4502C9,Inhibitor
Indinavir,CytochromeP4502D6,Inhibitor
Acetazolamide,CytochromeP4503A4,Inhibitor
Flecainide,CytochromeP4502C9,Inhibitor
Lopinavir,CytochromeP4502D6,Inhibitor
Lopinavir,CytochromeP4501A2,Inhibitor
Lopinavir,CytochromeP4502B6,Inhibitor
Lopinavir,CytochromeP4502C9,Inhibitor
Lopinavir,CytochromeP4502C8,Inhibitor
Rufinamide,CytochromeP4502E1,Inhibitor
Saquinavir,CytochromeP4502C19,Inhibitor
Saquinavir,CytochromeP4502C8,Inhibitor
Saquinavir,CytochromeP4502C9,Inhibitor
Gemfibrozil,CytochromeP4502C9,Inhibitor
Gemfibrozil,CytochromeP4501A2,Inhibitor
Gemfibrozil,CytochromeP4502C19,Inhibitor
Bromazepam,CytochromeP4502E1,Inhibitor
Etoricoxib,CytochromeP4502C19,Inhibitor
Etoricoxib,CytochromeP4502E1,Inhibitor
Obeticholicacid,CytochromeP4501A2,Inhibitor
Cidofovir,Thymidinephosphorylase,Inhibitor
Proguanil,CytochromeP4502D6,Inhibitor
Mibefradil,CytochromeP4501A2,Inhibitor
Mibefradil,CytochromeP4502D6,Inhibitor
Mibefradil,CytochromeP4503A5,Inhibitor
Mibefradil,CytochromeP4503A7,Inhibitor
Mibefradil,"CytochromeP45011B1,mitochondrial",Inhibitor
Mibefradil,"CytochromeP45011B2,mitochondrial",Inhibitor
Mibefradil,CytochromeP4501A1,Inhibitor
Omeprazole,CytochromeP4502D6,Inhibitor
Omeprazole,"Cholesterolside-chaincleavageenzyme,mitochondrial",Inhibitor
Amphetamine,CytochromeP4502A6,Inhibitor
Melatonin,CytochromeP45019A1,Inhibitor
Lansoprazole,CytochromeP4502D6,Inhibitor
Cimetidine,CytochromeP4501A2,Inhibitor
Cimetidine,CytochromeP4502D6,Inhibitor
Cimetidine,CytochromeP4502C19,Inhibitor
Cimetidine,CytochromeP4503A4,Inhibitor
Cimetidine,CytochromeP4503A5,Inhibitor
Cimetidine,CytochromeP4503A7,Inhibitor
Cimetidine,"CytochromeP45011B1,mitochondrial",Inhibitor
Cimetidine,CytochromeP4502C8,Inhibitor
Cimetidine,CytochromeP4502C9,Inhibitor
Cimetidine,CytochromeP4502E1,Inhibitor
Valaciclovir,CytochromeP4501A2,Inhibitor
Amiloride,Amiloride-sensitiveamineoxidase[copper-containing],Inhibitor
Amiloride,Amiloride-sensitiveamineoxidase[copper-containing],Inhibitor
Simvastatin,CytochromeP4502C19,Inhibitor
Verapamil,CytochromeP4502D6,Inhibitor
Cocaine,CytochromeP4502D6,Inhibitor
Cocaine,CytochromeP4502C9,Inhibitor
Cocaine,CytochromeP4502C8,Inhibitor
Nisoldipine,CytochromeP4501A2,Inhibitor
Thiopental,CytochromeP4502E1,Inhibitor
Thiopental,CytochromeP4503A4,Inhibitor
Quinidine,CytochromeP4502D6,Inhibitor
Quinidine,CytochromeP4501A2,Inhibitor
Quinidine,CytochromeP4501A1,Inhibitor
Quinidine,CytochromeP4502B6,Inhibitor
Fexofenadine,CytochromeP4502D6,Inhibitor
Dopamine,CytochromeP4501A2,Inhibitor
Anastrozole,CytochromeP45019A1,Inhibitor
Anastrozole,CytochromeP4501A2,Inhibitor
Anastrozole,CytochromeP4502C9,Inhibitor
Anastrozole,CytochromeP4503A4,Inhibitor
Colchicine,CytochromeP4502B6,Inhibitor
Epinephrine,CytochromeP4501A2,Inhibitor
Epinephrine,CytochromeP4502C9,Inhibitor
Epinephrine,CytochromeP4503A4,Inhibitor
Nelfinavir,CytochromeP4502B6,Inhibitor
Nelfinavir,CytochromeP4501A2,Inhibitor
Nelfinavir,CytochromeP4502C9,Inhibitor
Nelfinavir,CytochromeP4502D6,Inhibitor
Montelukast,CytochromeP4502C8,Inhibitor
Caffeine,CytochromeP4501A1,Inhibitor
Inositolnicotinate,"ATPsynthasesubunitbeta,mitochondrial",Inhibitor
Inositolnicotinate,DiacylglycerolO-acyltransferase2,Inhibitor
Ibuprofen,ProstaglandinG/Hsynthase1,Inhibitor
Ibuprofen,ProstaglandinG/Hsynthase2,Inhibitor
Flunitrazepam,UDP-glucuronosyltransferase2B7,Inhibitor
Flunitrazepam,CytochromeP4502E1,Inhibitor
Flunitrazepam,UDP-glucuronosyltransferase1-1,Inhibitor
Flunitrazepam,UDP-glucuronosyltransferase1-3,Inhibitor
Amantadine,Amineoxidase[flavin-containing]B,Inhibitor
Crisaborole,CytochromeP4501A2,Inhibitor
Crisaborole,CytochromeP4502B6,Inhibitor
Crisaborole,CytochromeP4502C8,Inhibitor
Crisaborole,CytochromeP4502C9,Inhibitor
Quazepam,CytochromeP4502B6,Inhibitor
Bifonazole,CytochromeP45019A1,Inhibitor
Bifonazole,CytochromeP4502C19,Inhibitor
Bifonazole,CytochromeP4502E1,Inhibitor
Bifonazole,CytochromeP4503A4,Inhibitor
Clotrimazole,CytochromeP4502C8,Inhibitor
Clotrimazole,"Cholesterolside-chaincleavageenzyme,mitochondrial",Inhibitor
Clotrimazole,CytochromeP4501A2,Inhibitor
Clotrimazole,CytochromeP4502D6,Inhibitor
Clotrimazole,"CytochromeP45011B1,mitochondrial",Inhibitor
Clotrimazole,CytochromeP45019A1,Inhibitor
Clotrimazole,CytochromeP4502A6,Inhibitor
Clotrimazole,CytochromeP4502C19,Inhibitor
Clotrimazole,CytochromeP4502C9,Inhibitor
Clotrimazole,CytochromeP4502E1,Inhibitor
Fluvastatin,CytochromeP4501A2,Inhibitor
Fluvastatin,CytochromeP4502C19,Inhibitor
Atovaquone,CytochromeP4502C9,Inhibitor
Pergolide,CytochromeP4502D6,Inhibitor
Dolutegravir,"POUdomain,class2,transcriptionfactor2",Inhibitor
Ademetionine,CytochromeP4502E1,Inhibitor
Pravastatin,CytochromeP4502C8,Inhibitor
Pravastatin,CytochromeP4502D6,Inhibitor
Sildenafil,CytochromeP4501A1,Inhibitor
Pantoprazole,CytochromeP4502C9,Inhibitor
Aciclovir,CytochromeP4501A2,Inhibitor
Prednisolone,CytochromeP4502A6,Inhibitor
Dabigatranetexilate,UDP-glucuronosyltransferase2B15,Inhibitor
Linagliptin,CytochromeP4503A4,Inhibitor
Sulfamethoxazole,CytochromeP4502C8,Inhibitor
Nicotine,Amineoxidase[flavin-containing]A,Inhibitor
Nicotine,Amineoxidase[flavin-containing]B,Inhibitor
Diclofenac,CytochromeP4502E1,Inhibitor
Rosuvastatin,CytochromeP4503A5,Inhibitor
Entacapone,CatecholO-methyltransferase,Inhibitor
Entacapone,CytochromeP4501A2,Inhibitor
Entacapone,CytochromeP4502D6,Inhibitor
Pioglitazone,CytochromeP4502C19,Inhibitor
Pioglitazone,CytochromeP4502D6,Inhibitor
ValproicAcid,CytochromeP4501A2,Inhibitor
ValproicAcid,CytochromeP4502C18,Inhibitor
ValproicAcid,CytochromeP4502C8,Inhibitor
ValproicAcid,CytochromeP4503A4,Inhibitor
Miconazole,CytochromeP4502C9,Inhibitor
Miconazole,CytochromeP4502D6,Inhibitor
Miconazole,"CytochromeP45011B1,mitochondrial",Inhibitor
Miconazole,CytochromeP45019A1,Inhibitor
Miconazole,CytochromeP4501A2,Inhibitor
Miconazole,CytochromeP4502A6,Inhibitor
Miconazole,CytochromeP4502B6,Inhibitor
Miconazole,CytochromeP4502C19,Inhibitor
Miconazole,CytochromeP4502E1,Inhibitor
Fluoxetine,CYP2Bprotein,Inhibitor
Dexamethasone,"Cholesterolside-chaincleavageenzyme,mitochondrial",Inhibitor
Dexamethasone,"Steroid17-alpha-hydroxylase/17,20lyase",Inhibitor
Bromocriptine,CytochromeP4501A2,Inhibitor
Ethanol,CytochromeP4501A1,Inhibitor
Ethanol,CytochromeP4502B6,Inhibitor
Ethanol,CytochromeP4502C19,Inhibitor
Ethanol,CytochromeP4502C9,Inhibitor
Sorafenib,CytochromeP4502C9,Inhibitor
Sorafenib,CytochromeP4501A2,Inhibitor
Sorafenib,CytochromeP4502C19,Inhibitor
Sorafenib,CytochromeP4502D6,Inhibitor
Sorafenib,UDP-glucuronosyltransferase1-1,Inhibitor
Raloxifene,CytochromeP4502B6,Inhibitor
Raloxifene,CytochromeP4502C8,Inhibitor
Raloxifene,Aldehydeoxidase,Inhibitor
Raloxifene,CytochromeP45019A1,Inhibitor
Mifepristone,CytochromeP4503A7,Inhibitor
Mifepristone,CytochromeP4502D6,Inhibitor
Mifepristone,CytochromeP4501A2,Inhibitor
Eprosartan,CytochromeP4502C9,Inhibitor
Salmeterol,CytochromeP4502C8,Inhibitor
Tenofovirdisoproxil,CytochromeP4501A2,Inhibitor
Sulpiride,Cholinesterase,Inhibitor
Triflupromazine,Cholinesterase,Inhibitor
Venlafaxine,CytochromeP4502B6,Inhibitor
Fluphenazine,CytochromeP4501A2,Inhibitor
Fluphenazine,CytochromeP4502E1,Inhibitor
Phenelzine,CytochromeP4502C19,Inhibitor
Phenelzine,CytochromeP4502C8,Inhibitor
Phenelzine,CytochromeP4503A4,Inhibitor
Phenelzine,CytochromeP4503A43,Inhibitor
Phenelzine,CytochromeP4503A5,Inhibitor
Phenelzine,CytochromeP4503A7,Inhibitor
Promazine,CytochromeP4502D6,Inhibitor
Flurazepam,CytochromeP4502E1,Inhibitor
Methotrimeprazine,CytochromeP4502E1,Inhibitor
Methotrimeprazine,CytochromeP4501A2,Inhibitor
Thioridazine,CytochromeP4502C8,Inhibitor
Thioridazine,CytochromeP4502C9,Inhibitor
Thioridazine,CytochromeP4502E1,Inhibitor
Thiothixene,CytochromeP4502D6,Inhibitor
Nortriptyline,CytochromeP4502E1,Inhibitor
Diazepam,CytochromeP4502E1,Inhibitor
Desipramine,CytochromeP4503A4,Inhibitor
Desipramine,CytochromeP4502A6,Inhibitor
Desipramine,CytochromeP4502B6,Inhibitor
Desipramine,CytochromeP4502E1,Inhibitor
Imipramine,CytochromeP4502E1,Inhibitor
Pefloxacin,CytochromeP4501A2,Inhibitor
Caspofungin,CytochromeP4503A4,Inhibitor
Nilutamide,CytochromeP4502C8,Inhibitor
Nilutamide,CytochromeP4502C9,Inhibitor
Armodafinil,CytochromeP4502C19,Inhibitor
Armodafinil,CytochromeP4502C9,Inhibitor
Atorvastatin,CytochromeP4502D6,Inhibitor
Atorvastatin,CytochromeP4502C19,Inhibitor
Sulfisoxazole,CytochromeP4503A4,Inhibitor
Ropinirole,CytochromeP4502D6,Inhibitor
Moclobemide,Amineoxidase[flavin-containing]A,Inhibitor
Moclobemide,Amineoxidase[flavin-containing]B,Inhibitor
Oxprenolol,CytochromeP4502D6,Inhibitor
Terfenadine,CytochromeP4502C8,Inhibitor
Terfenadine,CytochromeP4502J2,Inhibitor
Modafinil,CytochromeP4502C19,Inhibitor
Modafinil,CytochromeP4501A2,Inhibitor
Modafinil,CytochromeP4502B6,Inhibitor
Modafinil,CytochromeP4502C9,Inhibitor
Modafinil,CytochromeP4503A5,Inhibitor
Reboxetine,CytochromeP4502D6,Inhibitor
EllagicAcid,CytochromeP4501A1,Inhibitor
Troglitazone,CytochromeP4503A5,Inhibitor
Troglitazone,CytochromeP4503A7,Inhibitor
Lovastatin,CytochromeP4502C9,Inhibitor
Ursodeoxycholicacid,CytochromeP4502E1,Inhibitor
Cerivastatin,CytochromeP4502C9,Inhibitor
Aprepitant,CytochromeP4502C9,Inhibitor
Metyrapone,CytochromeP4503A4,Inhibitor
Lumacaftor,CytochromeP4502C8,Inhibitor
Lumacaftor,CytochromeP4502C9,Inhibitor
Phentermine,CytochromeP4502C9,Inhibitor
Lopinavir,CytochromeP4502C19,Inhibitor
Gemfibrozil,CytochromeP4502C8,Inhibitor
Simvastatin,CytochromeP4502C9,Inhibitor
Colchicine,CytochromeP4502C8,Inhibitor
Colchicine,CytochromeP4502C9,Inhibitor
Loratadine,CytochromeP4502C19,Inhibitor
Clotrimazole,CytochromeP4503A4,Inhibitor
Clotrimazole,CytochromeP4502B6,Inhibitor
Phenobarbital,CytochromeP4502A6,Inhibitor
Dexamethasone,CytochromeP4501A1,Inhibitor
Atorvastatin,CytochromeP4502C9,Inhibitor
Icotinib,CytochromeP4503A4,Substrate
Icotinib,CytochromeP4501A2,Substrate
Teniposide,CytochromeP4502C19,Substrate
Teniposide,CytochromeP4503A5,Substrate
Erlotinib,CytochromeP4503A4,Substrate
Erlotinib,CytochromeP4503A5,Substrate
Erlotinib,CytochromeP4501A2,Substrate
Erlotinib,CytochromeP4501A1,Substrate
Erlotinib,CytochromeP4502D6,Substrate
Erlotinib,CytochromeP4501B1,Substrate
Etoposide,CytochromeP4501A2,Substrate
Etoposide,CytochromeP4502E1,Substrate
Etoposide,UDP-glucuronosyltransferase1-1,Substrate
Etoposide,GlutathioneS-transferasetheta-1,Substrate
Etoposide,GlutathioneS-transferaseP,Substrate
Etoposide,ProstaglandinG/Hsynthase2,Substrate
Etoposide,ProstaglandinG/Hsynthase1,Substrate
Toremifene,CytochromeP4503A4,Substrate
Toremifene,CytochromeP4501A1,Substrate
Toremifene,CytochromeP4501A2,Substrate
Vincristine,CytochromeP4503A5,Substrate
Vincristine,CytochromeP4503A7,Substrate
Neratinib,CytochromeP4503A4,Substrate
Neratinib,Dimethylanilinemonooxygenase[N-oxide-forming]3,Substrate
Genistein,CytochromeP4501A2,Substrate
Panobinostat,CytochromeP4503A4,Substrate
4-Methoxyamphetamine,CytochromeP4502D6,Substrate
Azathioprine,ThiopurineS-methyltransferase,Substrate
Azathioprine,Xanthinedehydrogenase/oxidase,Substrate
Azathioprine,GlutathioneS-transferaseA1,Substrate
Azathioprine,GlutathioneS-transferaseA2,Substrate
Azathioprine,GlutathioneS-transferaseMu1,Substrate
Haloperidol,CytochromeP4501A2,Substrate
Haloperidol,CytochromeP4503A5,Substrate
Haloperidol,CytochromeP4503A7,Substrate
Haloperidol,Carbonylreductase[NADPH]1,Substrate
Haloperidol,UDP-glucuronosyltransferase1-9,Substrate
Haloperidol,CytochromeP4501A1,Substrate
Haloperidol,CytochromeP4502C19,Substrate
Haloperidol,CytochromeP4502C9,Substrate
Ximelagatran,CytochromeP4502C9,Substrate
Ziprasidone,CytochromeP4503A5,Substrate
Ziprasidone,CytochromeP4503A7,Substrate
Ziprasidone,CytochromeP4501A2,Substrate
Bedaquiline,CytochromeP4503A4,Substrate
Dexlansoprazole,CytochromeP4503A4,Substrate
Enasidenib,UDP-glucuronosyltransferase1-3,Substrate
Enasidenib,UDP-glucuronosyltransferase1-4,Substrate
Enasidenib,UDP-glucuronosyltransferase1-9,Substrate
Enasidenib,UDP-glucuronosyltransferase2B7,Substrate
Enasidenib,UDP-glucuronosyltransferase2B15,Substrate
Raltegravir,UDP-glucuronosyltransferase1-1,Substrate
Disopyramide,CytochromeP4503A4,Substrate
Dolasetron,CytochromeP4503A4,Substrate
Dolasetron,CytochromeP4502C9,Substrate
Nitrazepam,CytochromeP4503A4,Substrate
Maraviroc,CytochromeP4503A4,Substrate
Aceclofenac,CytochromeP4502C9,Substrate
Temsirolimus,CytochromeP4503A7,Substrate
Prazepam,CytochromeP4503A4,Substrate
Zuclopenthixol,CytochromeP4502D6,Substrate
Mirabegron,CytochromeP4503A4,Substrate
Mirabegron,Cholinesterase,Substrate
Anagrelide,CytochromeP4501A2,Substrate
Zonisamide,CytochromeP4503A4,Substrate
Zonisamide,Aldehydeoxidase,Substrate
Cinacalcet,CytochromeP4503A4,Substrate
Cinacalcet,CytochromeP4501A2,Substrate
Dapsone,CytochromeP4502E1,Substrate
Dapsone,CytochromeP4503A4,Substrate
Dapsone,Dimethylanilinemonooxygenase[N-oxide-forming]3,Substrate
Dapsone,ProstaglandinG/Hsynthase1,Substrate
Dapsone,ProstaglandinG/Hsynthase2,Substrate
Dapsone,CytochromeP4502C8,Substrate
Dapsone,CytochromeP4502C19,Substrate
Dapsone,ArylamineN-acetyltransferase2,Substrate
Dapsone,CytochromeP4503A5,Substrate
Dapsone,CytochromeP4503A7,Substrate
Dapsone,Myeloperoxidase,Substrate
Dapsone,CytochromeP4502C18,Substrate
Clorazepate,CytochromeP4503A4,Substrate
Cevimeline,CytochromeP4502D6,Substrate
Cevimeline,CytochromeP4503A4,Substrate
Cevimeline,Dimethylanilinemonooxygenase[N-oxide-forming]1,Substrate
Doxacuriumchloride,Cholinesterase,Substrate
Cinnarizine,CytochromeP4502D6,Substrate
Cinnarizine,CytochromeP4502C9,Substrate
Cinnarizine,CytochromeP4501A2,Substrate
Cinnarizine,CytochromeP4502B6,Substrate
Cinnarizine,CytochromeP4502A6,Substrate
Cinnarizine,CytochromeP4501A1,Substrate
Triazolam,CytochromeP4503A4,Substrate
Triazolam,CytochromeP4503A5,Substrate
Triazolam,CytochromeP4503A7,Substrate
Flibanserin,CytochromeP4503A4,Substrate
Abiraterone,CytochromeP4503A4,Substrate
Abiraterone,Bilesaltsulfotransferase,Substrate
Reboxetine,CytochromeP4503A4,Substrate
Oxiconazole,CytochromeP4502C19,Substrate
Guanfacine,CytochromeP4502C9,Substrate
Guanfacine,CytochromeP4502C19,Substrate
Guanfacine,CytochromeP4503A4,Substrate
Clenbuterol,CytochromeP4501A1,Substrate
Clenbuterol,CytochromeP4501A2,Substrate
Mitiglinide,UDP-glucuronosyltransferase1-3,Substrate
Mitiglinide,UDP-glucuronosyltransferase2B7,Substrate
Trimethadione,CytochromeP4502E1,Substrate
Trimethadione,CytochromeP4503A4,Substrate
Trimethadione,CytochromeP4502C8,Substrate
Trimethadione,CytochromeP4502C9,Substrate
Trimethadione,CytochromeP4502C19,Substrate
Parecoxib,CytochromeP4503A4,Substrate
Troglitazone,UDP-glucuronosyltransferase1-1,Substrate
Troglitazone,CytochromeP4501A1,Substrate
Troglitazone,UDP-glucuronosyltransferase1-3,Substrate
Troglitazone,UDP-glucuronosyltransferase1-4,Substrate
Troglitazone,UDP-glucuronosyltransferase1-7,Substrate
Troglitazone,UDP-glucuronosyltransferase1-8,Substrate
Troglitazone,UDP-glucuronosyltransferase1-9,Substrate
Troglitazone,UDP-glucuronosyltransferase1-10,Substrate
Troglitazone,UDP-glucuronosyltransferase2B7,Substrate
Troglitazone,UDP-glucuronosyltransferase2B15,Substrate
Meloxicam,CytochromeP4503A4,Substrate
Levobupivacaine,CytochromeP4503A4,Substrate
Levobupivacaine,CytochromeP4501A2,Substrate
Clozapine,CytochromeP4502A6,Substrate
Clozapine,CytochromeP4502C8,Substrate
Clozapine,Dimethylanilinemonooxygenase[N-oxide-forming]3,Substrate
Clozapine,UDP-glucuronosyltransferase1-4,Substrate
Oxaprozin,CytochromeP4502C9,Substrate
Pimozide,CytochromeP4501A2,Substrate
Pimozide,CytochromeP4503A5,Substrate
Pimozide,CytochromeP4503A7,Substrate
LevomethadylAcetate,CytochromeP4503A4,Substrate
LevomethadylAcetate,CytochromeP4503A5,Substrate
LevomethadylAcetate,CytochromeP4503A7,Substrate
LevomethadylAcetate,CytochromeP45019A1,Substrate
Aripiprazole,CytochromeP4503A4,Substrate
Aripiprazole,CytochromeP4503A5,Substrate
Aripiprazole,CytochromeP4503A7,Substrate
Retapamulin,CytochromeP4503A4,Substrate
Dalfampridine,CytochromeP4502E1,Substrate
Balsalazide,NADPHazoreductase,Substrate
Micafungin,ArylsulfataseA,Substrate
Micafungin,CatecholO-methyltransferase,Substrate
Celecoxib,CytochromeP4502C9,Substrate
Celecoxib,CytochromeP4503A4,Substrate
Midazolam,CytochromeP4503A5,Substrate
Midazolam,CytochromeP4502B6,Substrate
Midazolam,CytochromeP4504B1,Substrate
Midazolam,UDP-glucuronosyltransferase1-4,Substrate
Naltrexone,UDP-glucuronosyltransferase1-1,Substrate
Leflunomide,CytochromeP4501A2,Substrate
Finasteride,CytochromeP4503A4,Substrate
Finasteride,CytochromeP4503A5,Substrate
Finasteride,CytochromeP4503A7,Substrate
Alprazolam,CytochromeP4502C9,Substrate
Alprazolam,CytochromeP4503A5,Substrate
Alprazolam,CytochromeP4503A7,Substrate
Brimonidine,Aldehydeoxidase,Substrate
Carbinoxamine,CytochromeP4502B6,Substrate
Carbinoxamine,CytochromeP4502C19,Substrate
Carbinoxamine,CytochromeP4502C8,Substrate
Carbinoxamine,CytochromeP4502C9,Substrate
Carbinoxamine,CytochromeP4502E1,Substrate
Carbinoxamine,CytochromeP4503A4,Substrate
Cobimetinib,CYP3A(ProteinGroup),Substrate
Cobimetinib,Multidrugresistanceprotein1,Substrate
Ivacaftor,CytochromeP4503A5,Substrate
Lovastatin,CytochromeP4503A5,Substrate
Lovastatin,CytochromeP4503A7,Substrate
Lovastatin,Serumparaoxonase/lactonase3,Substrate
Lovastatin,UDP-glucuronosyltransferase1-1,Substrate
Lovastatin,UDP-glucuronosyltransferase1-3,Substrate
Lovastatin,UDP-glucuronosyltransferase2B7,Substrate
Voriconazole,Dimethylanilinemonooxygenase[N-oxide-forming]1,Substrate
Voriconazole,Dimethylanilinemonooxygenase[N-oxide-forming]3,Substrate
Voriconazole,ProstaglandinG/Hsynthase1,Substrate
Etizolam,CytochromeP4503A4,Substrate
Etizolam,CytochromeP4502C18,Substrate
Etizolam,CytochromeP4502C19,Substrate
Candesartan,UDP-glucuronosyltransferase1-3,Substrate
Candesartan,ProstaglandinG/Hsynthase1,Substrate
Citalopram,CytochromeP4503A4,Substrate
Citalopram,CytochromeP4502E1,Substrate
Sirolimus,CytochromeP4503A5,Substrate
Sirolimus,CytochromeP4503A7,Substrate
Encainide,CytochromeP4502D6,Substrate
Sulfamethazine,ArylamineN-acetyltransferase,Substrate
Tesmilifene,CytochromeP4502D6,Substrate
Tesmilifene,CytochromeP4501A1,Substrate
Valdecoxib,CytochromeP4503A4,Substrate
Valdecoxib,UDP-glucuronosyltransferase1-9,Substrate
Lisuride,CytochromeP4502D6,Substrate
Lisuride,CytochromeP4503A4,Substrate
Sertindole,CytochromeP4502D6,Substrate
Sertindole,CytochromeP4503A4,Substrate
Rosiglitazone,ProstaglandinG/Hsynthase1,Substrate
Duloxetine,CytochromeP4501A2,Substrate
Cephalexin,CytochromeP4502D6,Substrate
Cephalexin,CytochromeP4503A4,Substrate
Tamoxifen,CytochromeP4503A5,Substrate
Tamoxifen,CytochromeP4503A7,Substrate
Tamoxifen,CytochromeP4502C19,Substrate
Tamoxifen,CytochromeP4501A1,Substrate
Tamoxifen,CytochromeP4501A2,Substrate
Tamoxifen,Dimethylanilinemonooxygenase[N-oxide-forming]1,Substrate
Tamoxifen,Dimethylanilinemonooxygenase[N-oxide-forming]3,Substrate
Tamoxifen,CytochromeP4502A6,Substrate
Tamoxifen,CytochromeP4502E1,Substrate
Tamoxifen,UDP-glucuronosyltransferase1-10,Substrate
Tamoxifen,Sulfotransferase1A1,Substrate
Etodolac,UDP-glucuronosyltransferase1-9,Substrate
Etodolac,UDP-glucuronosyltransferase1-3,Substrate
Etodolac,UDP-glucuronosyltransferase1-10,Substrate
Etodolac,UDP-glucuronosyltransferase2B7,Substrate
Atazanavir,CytochromeP4502C9,Substrate
Quetiapine,CytochromeP4503A4,Substrate
Quetiapine,CytochromeP4503A5,Substrate
Quetiapine,CytochromeP4503A7,Substrate
Quetiapine,CytochromeP4502C19,Substrate
Doripenem,Dipeptidase1,Substrate
Rivaroxaban,CytochromeP4503A4,Substrate
Rivaroxaban,CytochromeP4502J2,Substrate
Rivaroxaban,CytochromeP4503A5,Substrate
Mirtazapine,CytochromeP4502C9,Substrate
Mirtazapine,CytochromeP4502C8,Substrate
Esomeprazole,CytochromeP4503A4,Substrate
Granisetron,CytochromeP4503A4,Substrate
Granisetron,CytochromeP4501A1,Substrate
Granisetron,CytochromeP4503A5,Substrate
Abacavir,Alcoholdehydrogenase6,Substrate
Abacavir,UDP-glucuronosyltransferase1-1,Substrate
Abacavir,Adenosinekinase,Substrate
Abacavir,Adenosinekinase,Substrate
Mephenytoin,CytochromeP4502B6,Substrate
Mephenytoin,CytochromeP4501A2,Substrate
Mephenytoin,CytochromeP4502D6,Substrate
Mephenytoin,CytochromeP4502C8,Substrate
Mephenytoin,CytochromeP4502C9,Substrate
Phenformin,CytochromeP4502D6,Substrate
Olodaterol,CytochromeP4502C9,Substrate
Olodaterol,CytochromeP4502C8,Substrate
Halothane,CytochromeP4502E1,Substrate
Halothane,CytochromeP4503A4,Substrate
Halothane,CytochromeP4502A6,Substrate
Halothane,CytochromeP4502B6,Substrate
Halothane,CytochromeP4502C9,Substrate
Halothane,CytochromeP4502D6,Substrate
Tasosartan,CytochromeP4503A4,Substrate
Fluvoxamine,CytochromeP4502E1,Substrate
Pethidine,CytochromeP4503A4,Substrate
Pethidine,CytochromeP4502C19,Substrate
Pethidine,CytochromeP4502B6,Substrate
Pethidine,CytochromeP4502D6,Substrate
Chlorpromazine,CytochromeP4501A2,Substrate
Chlorpromazine,CytochromeP4503A4,Substrate
Warfarin,CytochromeP4501A2,Substrate
Warfarin,CytochromeP4503A4,Substrate
Warfarin,CytochromeP4502C18,Substrate
Warfarin,CytochromeP4501A1,Substrate
Repaglinide,CytochromeP4502C8,Substrate
Amiodarone,CytochromeP4502C8,Substrate
Amiodarone,CytochromeP4502C19,Substrate
Amiodarone,CytochromeP4501A1,Substrate
Stiripentol,CytochromeP4501A2,Substrate
Ticlopidine,Myeloperoxidase,Substrate
Rofecoxib,ProstaglandinG/Hsynthase1,Substrate
Rofecoxib,CytochromeP4502C8,Substrate
Rofecoxib,CytochromeP4502C9,Substrate
Trazodone,CytochromeP4503A4,Substrate
Trazodone,CytochromeP4503A5,Substrate
Trazodone,CytochromeP4503A7,Substrate
Trazodone,CytochromeP4502D6,Substrate
Chlorpropamide,CytochromeP4502C9,Substrate
Chlorpropamide,CytochromeP4502C19,Substrate
Chlorpropamide,ProstaglandinG/Hsynthase1,Substrate
Tolbutamide,CytochromeP4502C19,Substrate
Tolbutamide,CytochromeP4502C18,Substrate
Saxagliptin,CytochromeP4503A4,Substrate
Saxagliptin,CytochromeP4503A5,Substrate
Fluticasonefuroate,CytochromeP4503A4,Substrate
Dienogest,CytochromeP4503A4,Substrate
Eletriptan,CytochromeP4502D6,Substrate
Eletriptan,CytochromeP4502C9,Substrate
Eletriptan,CytochromeP4502C19,Substrate
Eletriptan,ProstaglandinG/Hsynthase1,Substrate
Benzatropine,CytochromeP4502C19,Substrate
Benzatropine,CytochromeP4502D6,Substrate
Pentobarbital,CytochromeP4502C19,Substrate
Remoxipride,CytochromeP4502D6,Substrate
Nabumetone,CytochromeP4501A2,Substrate
Fulvestrant,CytochromeP4503A4,Substrate
Selegiline,CytochromeP4502B6,Substrate
Selegiline,CytochromeP4503A4,Substrate
Selegiline,CytochromeP4502A6,Substrate
Selegiline,CytochromeP4502C19,Substrate
Selegiline,CytochromeP4502C8,Substrate
Sulfinpyrazone,CytochromeP4502C8,Substrate
Podofilox,CytochromeP4502C19,Substrate
Podofilox,CytochromeP4503A4,Substrate
Tetrabenazine,CytochromeP4502D6,Substrate
Tetrabenazine,Carbonylreductase[NADPH]1,Substrate
Nebivolol,CytochromeP4502D6,Substrate
Pazopanib,CytochromeP4502C8,Substrate
Pazopanib,CytochromeP4501A2,Substrate
Pitavastatin,UDP-glucuronosyltransferase2B7,Substrate
Pitavastatin,UDP-glucuronosyltransferase1-3,Substrate
Pitavastatin,CytochromeP4502C9,Substrate
Pitavastatin,CytochromeP4502C8,Substrate
Betaxolol,CytochromeP4501A2,Substrate
Bexarotene,CytochromeP4502C9,Substrate
Meprobamate,CytochromeP4502C19,Substrate
Meprobamate,CytochromeP4502E1,Substrate
Tacrine,CytochromeP4501A2,Substrate
Cyproheptadine,UDP-glucuronosyltransferase1-3,Substrate
Cerivastatin,CytochromeP4503A5,Substrate
Cerivastatin,CytochromeP4503A7,Substrate
AminocaproicAcid,Aldehydeoxidase,Substrate
Astemizole,CytochromeP4503A5,Substrate
Astemizole,CytochromeP4503A7,Substrate
Astemizole,CytochromeP4502D6,Substrate
Astemizole,CytochromeP4502J2,Substrate
Sumatriptan,Amineoxidase[flavin-containing]A,Substrate
Aprepitant,CytochromeP4501A2,Substrate
Alfentanil,CytochromeP4503A4,Substrate
Alfentanil,CytochromeP4503A5,Substrate
Alfentanil,CytochromeP4503A7,Substrate
Almotriptan,CytochromeP4503A4,Substrate
Almotriptan,CytochromeP4502D6,Substrate
Almotriptan,Amineoxidase[flavin-containing]A,Substrate
Almotriptan,Dimethylanilinemonooxygenase[N-oxide-forming]3,Substrate
Almotriptan,CytochromeP4501A2,Substrate
Almotriptan,CytochromeP4502C19,Substrate
Almotriptan,CytochromeP4502E1,Substrate
Almotriptan,CytochromeP4502C8,Substrate
Felbamate,CytochromeP4502E1,Substrate
Zaleplon,CytochromeP4503A4,Substrate
Zaleplon,CytochromeP4503A5,Substrate
Zaleplon,CytochromeP4503A7,Substrate
Zaleplon,Aldehydeoxidase,Substrate
Estazolam,CytochromeP4503A4,Substrate
Iloperidone,CytochromeP4502D6,Substrate
Iloperidone,CytochromeP4503A5,Substrate
Iloperidone,CytochromeP4503A7,Substrate
Iloperidone,CytochromeP4502E1,Substrate
Iloperidone,CytochromeP4501A2,Substrate
Spiramycin,CytochromeP4503A4,Substrate
Levocetirizine,CytochromeP4503A4,Substrate
Ranitidine,CytochromeP4502C19,Substrate
Clomipramine,CytochromeP4502C19,Substrate
Clomipramine,CytochromeP4501A2,Substrate
Clomipramine,CytochromeP4503A4,Substrate
Vindesine,CytochromeP4503A4,Substrate
Eszopiclone,CytochromeP4503A4,Substrate
Eszopiclone,CytochromeP4502C8,Substrate
Eszopiclone,CytochromeP4502C9,Substrate
Eszopiclone,ProstaglandinG/Hsynthase1,Substrate
Rifabutin,CytochromeP4501A2,Substrate
Mebendazole,CytochromeP4503A4,Substrate
Zalcitabine,Deoxycytidinekinase,Substrate
Zalcitabine,CytochromeP4502C9,Substrate
Zalcitabine,CytochromeP4502D6,Substrate
Zalcitabine,CytochromeP4503A4,Substrate
Zalcitabine,CytochromeP4503A43,Substrate
Zalcitabine,CytochromeP4503A5,Substrate
Zalcitabine,CytochromeP4503A7,Substrate
Naratriptan,Amineoxidase[flavin-containing]A,Substrate
Ciclesonide,CytochromeP4503A4,Substrate
Ciclesonide,CytochromeP4502D6,Substrate
Rufinamide,Livercarboxylesterase1,Substrate
Saquinavir,"Cholesterolside-chaincleavageenzyme,mitochondrial",Substrate
Bepridil,CytochromeP4502D6,Substrate
Bromazepam,CytochromeP4503A4,Substrate
Bromazepam,CytochromeP4501A2,Substrate
Bromazepam,CytochromeP4502C19,Substrate
Apremilast,CytochromeP4503A4,Substrate
Obeticholicacid,Bileacid-CoA:aminoacidN-acyltransferase,Substrate
Fospropofol,"Alkalinephosphatase,tissue-nonspecificisozyme",Substrate
Pralatrexate,"Folylpolyglutamatesynthase,mitochondrial",Substrate
Ibrutinib,CytochromeP4503A4,Substrate
Ibrutinib,CytochromeP4503A5,Substrate
Ibrutinib,CytochromeP4502D6,Substrate
Grepafloxacin,CytochromeP4501A2,Substrate
Grepafloxacin,CytochromeP4503A4,Substrate
Sufentanil,CytochromeP4503A4,Substrate
Tolterodine,CytochromeP4502D6,Substrate
Tolterodine,CytochromeP4503A4,Substrate
Tolterodine,CytochromeP4502C9,Substrate
Tolterodine,CytochromeP4502C19,Substrate
Proguanil,CytochromeP4502C19,Substrate
Proguanil,CytochromeP4501A2,Substrate
Proguanil,CytochromeP4502C9,Substrate
Proguanil,CytochromeP4502E1,Substrate
Proguanil,CytochromeP4503A4,Substrate
Chloroprocaine,Cholinesterase,Substrate
Dasatinib,CytochromeP4501A1,Substrate
Dasatinib,CytochromeP4501A2,Substrate
Dasatinib,CytochromeP4501B1,Substrate
Dasatinib,CytochromeP4503A5,Substrate
Dasatinib,Dimethylanilinemonooxygenase[N-oxide-forming]3,Substrate
Cefazolin,ThiopurineS-methyltransferase,Substrate
Vandetanib,Dimethylanilinemonooxygenase[N-oxide-forming]1,Substrate
Vandetanib,Dimethylanilinemonooxygenase[N-oxide-forming]3,Substrate
Vandetanib,CytochromeP4503A4,Substrate
Romidepsin,CytochromeP4503A4,Substrate
Romidepsin,CytochromeP4503A5,Substrate
Romidepsin,CytochromeP4501A1,Substrate
Romidepsin,CytochromeP4502B6,Substrate
Romidepsin,CytochromeP4502C19,Substrate
Eltrombopag,UDP-glucuronosyltransferase1-1,Substrate
Eltrombopag,UDP-glucuronosyltransferase1-3,Substrate
Aclidinium,Cholinesterase,Substrate
Umeclidinium,CytochromeP4502D6,Substrate
Selexipag,Livercarboxylesterase1,Substrate
Selexipag,CytochromeP4502C8,Substrate
Selexipag,CytochromeP4503A4,Substrate
Esculin,"Glutaminasekidneyisoform,mitochondrial",Substrate
Omeprazole,CytochromeP4502C18,Substrate
Omeprazole,CytochromeP4502C8,Substrate
Melatonin,CytochromeP4502C19,Substrate
Melatonin,CytochromeP4502C9,Substrate
Melatonin,AcetylserotoninO-methyltransferase,Substrate
Melatonin,"Indoleamine2,3-dioxygenase1",Substrate
Lansoprazole,CytochromeP4502C18,Substrate
Cimetidine,Dimethylanilinemonooxygenase[N-oxide-forming]3,Substrate
Cimetidine,Dimethylanilinemonooxygenase[N-oxide-forming]1,Substrate
Amoxapine,CytochromeP4502D6,Substrate
Imatinib,CytochromeP4501A2,Substrate
Imatinib,CytochromeP4502C19,Substrate
Imatinib,ProstaglandinG/Hsynthase1,Substrate
Simvastatin,CytochromeP4503A5,Substrate
Simvastatin,CytochromeP4503A7,Substrate
Simvastatin,UDP-glucuronosyltransferase1-1,Substrate
Simvastatin,UDP-glucuronosyltransferase1-3,Substrate
Simvastatin,UDP-glucuronosyltransferase2B7,Substrate
Verapamil,CytochromeP4502C8,Substrate
Verapamil,CytochromeP4502C19,Substrate
Verapamil,CytochromeP4502C18,Substrate
Ondansetron,CytochromeP4503A4,Substrate
Ondansetron,CytochromeP4503A5,Substrate
Ondansetron,CytochromeP4503A7,Substrate
Ondansetron,CytochromeP4502C9,Substrate
Ondansetron,CytochromeP4502E1,Substrate
Cocaine,CytochromeP4503A5,Substrate
Cocaine,CytochromeP4503A7,Substrate
Dinoprostone,"Cholesterolside-chaincleavageenzyme,mitochondrial",Substrate
Dinoprostone,CytochromeP4501A2,Substrate
Escitalopram,CytochromeP4503A4,Substrate
Escitalopram,CytochromeP4502C19,Substrate
Oxymorphone,CytochromeP4503A4,Substrate
Oxymorphone,CytochromeP4502D6,Substrate
Docetaxel,CytochromeP4503A5,Substrate
Docetaxel,CytochromeP4503A7,Substrate
Perospirone,CytochromeP4503A4,Substrate
Perospirone,CytochromeP4502D6,Substrate
Perospirone,CytochromeP4502C8,Substrate
Perospirone,CytochromeP4501A1,Substrate
Ergocalciferol,"1,25-dihydroxyvitaminD(3)24-hydroxylase,mitochondrial",Substrate
Ergocalciferol,"25-hydroxyvitaminD-1alphahydroxylase,mitochondrial",Substrate
Ergocalciferol,"Sterol26-hydroxylase,mitochondrial",Substrate
Ergocalciferol,CytochromeP4503A4,Substrate
Ergocalciferol,VitaminD25-hydroxylase,Substrate
Nisoldipine,CytochromeP4503A5,Substrate
Nisoldipine,CytochromeP4503A7,Substrate
Tamsulosin,CytochromeP4502D6,Substrate
Tamsulosin,CytochromeP4503A4,Substrate
Donepezil,CytochromeP4502D6,Substrate
Donepezil,CytochromeP4503A4,Substrate
Donepezil,CytochromeP4502C9,Substrate
Quinidine,CytochromeP4503A7,Substrate
Quinidine,CytochromeP4502E1,Substrate
Quinidine,CytochromeP4502C8,Substrate
Dopamine,Amineoxidase[flavin-containing]A,Substrate
Dopamine,Amineoxidase[flavin-containing]B,Substrate
Dopamine,CatecholO-methyltransferase,Substrate
Dopamine,Dopaminebeta-hydroxylase,Substrate
Dopamine,CytochromeP4502C19,Substrate
Dopamine,CytochromeP4502C9,Substrate
Dopamine,CytochromeP4502D6,Substrate
Mycophenolicacid,UDP-glucuronosyltransferase1-1,Substrate
Mycophenolicacid,UDP-glucuronosyltransferase1-9,Substrate
Mycophenolicacid,UDP-glucuronosyltransferase2B7,Substrate
Mycophenolicacid,UDP-glucuronosyltransferase1-7,Substrate
Mycophenolicacid,UDP-glucuronosyltransferase1-6,Substrate
Lubiprostone,Carbonylreductase[NADPH]1,Substrate
Rasagiline,CytochromeP4501A2,Substrate
Grazoprevir,CytochromeP4503A4,Substrate
Protriptyline,CytochromeP4502D6,Substrate
Montelukast,CytochromeP4503A4,Substrate
Montelukast,CytochromeP4502C9,Substrate
Montelukast,ProstaglandinG/Hsynthase1,Substrate
Montelukast,CytochromeP4502A6,Substrate
Caffeine,CytochromeP4503A5,Substrate
Caffeine,CytochromeP4503A7,Substrate
Caffeine,CytochromeP4502E1,Substrate
Caffeine,CytochromeP4502C8,Substrate
Caffeine,CytochromeP4502C9,Substrate
Caffeine,CytochromeP4501B1,Substrate
Caffeine,CytochromeP4502D6,Substrate
L-Tryptophan,"Tryptophan2,3-dioxygenase",Substrate
L-Tryptophan,Aromatic-L-amino-aciddecarboxylase,Substrate
L-Tryptophan,Tryptophan5-hydroxylase1,Substrate
L-Tryptophan,Tryptophan5-hydroxylase2,Substrate
L-Tryptophan,"Indoleamine2,3-dioxygenase1",Substrate
Naproxen,CytochromeP4502C9,Substrate
Naproxen,CytochromeP4501A2,Substrate
Naproxen,CytochromeP4502C8,Substrate
Naproxen,UDP-glucuronosyltransferase1-1,Substrate
Naproxen,UDP-glucuronosyltransferase2B7,Substrate
Ibuprofen,CytochromeP4502C8,Substrate
Ibuprofen,CytochromeP4502C19,Substrate
Ibuprofen,UDP-glucuronosyltransferase1-1,Substrate
Ibuprofen,UDP-glucuronosyltransferase1-3,Substrate
Ibuprofen,UDP-glucuronosyltransferase1-9,Substrate
Ibuprofen,UDP-glucuronosyltransferase2B4,Substrate
Ibuprofen,UDP-glucuronosyltransferase2B7,Substrate
Chlorphenamine,CytochromeP4503A4,Substrate
Chlorphenamine,CytochromeP4503A5,Substrate
Chlorphenamine,CytochromeP4503A7,Substrate
Amoxicillin,CytochromeP4502C19,Substrate
Acetylsalicylicacid,CytochromeP4502C8,Substrate
Acetylsalicylicacid,CytochromeP4502C9,Substrate
Diphenhydramine,CytochromeP4501A2,Substrate
Diphenhydramine,CytochromeP4502C9,Substrate
Diphenhydramine,CytochromeP4502C19,Substrate
Diphenhydramine,CytochromeP4502C18,Substrate
Diphenhydramine,CytochromeP4502B6,Substrate
Diphenhydramine,ProstaglandinG/Hsynthase1,Substrate
Dextromethorphan,CytochromeP4503A4,Substrate
Dextromethorphan,CytochromeP4503A5,Substrate
Dextromethorphan,CytochromeP4503A7,Substrate
Dextromethorphan,CytochromeP4502B6,Substrate
Dextromethorphan,CytochromeP4502C19,Substrate
Dextromethorphan,CytochromeP4502C9,Substrate
Dextromethorphan,CytochromeP4502C8,Substrate
Dextromethorphan,CytochromeP4502E1,Substrate
Flunitrazepam,CytochromeP4502C19,Substrate
Flunitrazepam,CytochromeP4501A2,Substrate
Flunitrazepam,CytochromeP4502A6,Substrate
Flunitrazepam,CytochromeP4502B6,Substrate
Flunitrazepam,CytochromeP4502C9,Substrate
Flunitrazepam,CytochromeP4503A4,Substrate
Lumiracoxib,CytochromeP4502C9,Substrate
Lumiracoxib,CytochromeP4502C19,Substrate
Lumiracoxib,UDP-glucuronosyltransferase1-9,Substrate
Lumiracoxib,CytochromeP4501A2,Substrate
Antipyrine,CytochromeP4502C8,Substrate
Antipyrine,CytochromeP4502C9,Substrate
Antipyrine,CytochromeP4501A2,Substrate
Antipyrine,CytochromeP4502A6,Substrate
Antipyrine,CytochromeP4502C18,Substrate
Antipyrine,CytochromeP4502E1,Substrate
Clotiazepam,CytochromeP4502B6,Substrate
Clotiazepam,CytochromeP4502C18,Substrate
Clotiazepam,CytochromeP4502C19,Substrate
Quazepam,CytochromeP4502C19,Substrate
Quazepam,CytochromeP4502C9,Substrate
Quazepam,CytochromeP4503A4,Substrate
Glucosamine,CytochromeP4502C19,Substrate
Glucosamine,CytochromeP4502E1,Substrate
Odanacatib,CytochromeP4503A4,Substrate
Odanacatib,CytochromeP4502C8,Substrate
Trimethoprim,CytochromeP4503A4,Substrate
Methoxyflurane,CytochromeP4502E1,Substrate
Methoxyflurane,CytochromeP4501A2,Substrate
Methoxyflurane,CytochromeP4502A6,Substrate
Methoxyflurane,CytochromeP4502B6,Substrate
Methoxyflurane,CytochromeP4502C9,Substrate
Methoxyflurane,CytochromeP4502D6,Substrate
Methoxyflurane,CytochromeP4503A4,Substrate
Fentanyl,CytochromeP4503A5,Substrate
Fentanyl,CytochromeP4503A7,Substrate
Frovatriptan,CytochromeP4501A2,Substrate
Fluvastatin,CytochromeP4501A1,Substrate
Fluvastatin,CytochromeP4503A5,Substrate
Fluvastatin,UDP-glucuronosyltransferase1-1,Substrate
Fluvastatin,UDP-glucuronosyltransferase1-3,Substrate
Fluvastatin,UDP-glucuronosyltransferase2B7,Substrate
Dolutegravir,UDP-glucuronosyltransferase1-1,Substrate
Dolutegravir,CYP3A(ProteinGroup),Substrate
Ademetionine,Spermidinesynthase,Substrate
Pravastatin,CytochromeP4503A5,Substrate
Sildenafil,CytochromeP4503A5,Substrate
Sildenafil,CytochromeP4503A7,Substrate
Mycophenolatemofetil,UDP-glucuronosyltransferase1-1,Substrate
Mycophenolatemofetil,UDP-glucuronosyltransferase1-7,Substrate
Mycophenolatemofetil,UDP-glucuronosyltransferase1-6,Substrate
Mycophenolatemofetil,UDP-glucuronosyltransferase1-9,Substrate
Mycophenolatemofetil,UDP-glucuronosyltransferase2B7,Substrate
Mycophenolatemofetil,UDP-glucuronosyltransferase1-8,Substrate
Mycophenolatemofetil,UDP-glucuronosyltransferase1-10,Substrate
Mycophenolatemofetil,Livercarboxylesterase1,Substrate
Mycophenolatemofetil,Cocaineesterase,Substrate
Mycophenolatemofetil,Cocaineesterase,Substrate
Mycophenolatemofetil,CytochromeP4503A4,Substrate
Mycophenolatemofetil,CytochromeP4503A5,Substrate
Ergotamine,CytochromeP4501A2,Substrate
Nitrofurantoin,NADPH--cytochromeP450reductase,Substrate
Flurbiprofen,CytochromeP4502C9,Substrate
Flurbiprofen,UDP-glucuronosyltransferase2B7,Substrate
Flurbiprofen,UDP-glucuronosyltransferase1-1,Substrate
Flurbiprofen,UDP-glucuronosyltransferase1-3,Substrate
Flurbiprofen,UDP-glucuronosyltransferase1-9,Substrate
Flurbiprofen,UDP-glucuronosyltransferase2B4,Substrate
Risperidone,CytochromeP4503A5,Substrate
Risperidone,CytochromeP4503A7,Substrate
Loperamide,CytochromeP4503A4,Substrate
Loperamide,CytochromeP4502C8,Substrate
Loperamide,CytochromeP4502B6,Substrate
Loperamide,CytochromeP4502D6,Substrate
Emtricitabine,Deoxycytidinekinase,Substrate
Rizatriptan,Amineoxidase[flavin-containing]A,Substrate
Rizatriptan,CytochromeP4501A2,Substrate
Letrozole,CytochromeP4503A4,Substrate
Bupropion,CytochromeP4501A2,Substrate
Bupropion,CytochromeP4502A6,Substrate
Bupropion,CytochromeP4502C8,Substrate
Bupropion,CytochromeP4502C9,Substrate
Bupropion,CytochromeP4502E1,Substrate
Bupropion,CytochromeP4503A4,Substrate
Yohimbine,CytochromeP4503A4,Substrate
Tiotropium,CytochromeP4502D6,Substrate
Tiotropium,CytochromeP4503A4,Substrate
Everolimus,CytochromeP4503A4,Substrate
Dabigatranetexilate,Livercarboxylesterase1,Substrate
Dabigatranetexilate,Cocaineesterase,Substrate
Dabigatranetexilate,Cocaineesterase,Substrate
Dabigatranetexilate,UDP-glucuronosyltransferase1-9,Substrate
Dabigatranetexilate,UDP-glucuronosyltransferase2B7,Substrate
Methyltestosterone,CytochromeP4502B6,Substrate
Methyltestosterone,CytochromeP4503A4,Substrate
Sulfamethoxazole,ArylamineN-acetyltransferase1,Substrate
Sulfamethoxazole,ArylamineN-acetyltransferase2,Substrate
Sulfamethoxazole,ProstaglandinG/Hsynthase1,Substrate
Sulfamethoxazole,UDP-glucuronosyltransferase1-9,Substrate
Glyburide,CytochromeP4502C19,Substrate
Nicotine,CytochromeP4502A13,Substrate
Nicotine,CytochromeP4502B6,Substrate
Nicotine,CytochromeP4502C19,Substrate
Nicotine,CytochromeP4502C8,Substrate
Nicotine,CytochromeP4502C9,Substrate
Nicotine,CytochromeP4502D6,Substrate
Nicotine,CytochromeP4503A4,Substrate
Tramadol,CytochromeP4502B6,Substrate
Bupivacaine,CytochromeP4503A4,Substrate
Bupivacaine,CytochromeP4501A2,Substrate
Bupivacaine,CytochromeP4502C19,Substrate
Bupivacaine,CytochromeP4502D6,Substrate
Diclofenac,CytochromeP4502C19,Substrate
Diclofenac,CytochromeP4502C8,Substrate
Diclofenac,UDP-glucuronosyltransferase1-1,Substrate
Diclofenac,UDP-glucuronosyltransferase2B7,Substrate
Diclofenac,ProstaglandinG/Hsynthase1,Substrate
Diclofenac,CytochromeP4503A4,Substrate
Diclofenac,CytochromeP4501A1,Substrate
Diclofenac,CytochromeP4502B6,Substrate
Diclofenac,CytochromeP4502C18,Substrate
Rosuvastatin,CytochromeP4502C19,Substrate
Entacapone,UDP-glucuronosyltransferase1-9,Substrate
Trandolapril,Livercarboxylesterase1,Substrate
Tacrolimus,CytochromeP4503A5,Substrate
Tacrolimus,CytochromeP4503A7,Substrate
Adenosine,Adenosinedeaminase,Substrate
Adenosine,Adenosinekinase,Substrate
Amitriptyline,CytochromeP4502C9,Substrate
Amitriptyline,CytochromeP4503A4,Substrate
Amitriptyline,CytochromeP4503A5,Substrate
Amitriptyline,CytochromeP4502B6,Substrate
Pioglitazone,ProstaglandinG/Hsynthase1,Substrate
Tofacitinib,CytochromeP4503A4,Substrate
Tofacitinib,CytochromeP4502C19,Substrate
ValproicAcid,CytochromeP4502B6,Substrate
ValproicAcid,CytochromeP4503A5,Substrate
ValproicAcid,ProstaglandinG/Hsynthase1,Substrate
ValproicAcid,UDP-glucuronosyltransferase1-4,Substrate
ValproicAcid,UDP-glucuronosyltransferase1-8,Substrate
ValproicAcid,UDP-glucuronosyltransferase1-10,Substrate
ValproicAcid,UDP-glucuronosyltransferase1-6,Substrate
ValproicAcid,UDP-glucuronosyltransferase1-3,Substrate
ValproicAcid,UDP-glucuronosyltransferase2B7,Substrate
ValproicAcid,UDP-glucuronosyltransferase2B15,Substrate
ValproicAcid,UDP-glucuronosyltransferase1-9,Substrate
Fluticasonepropionate,CytochromeP4503A7,Substrate
Fluoxetine,CytochromeP4502B6,Substrate
Fluoxetine,CytochromeP4503A5,Substrate
Ethanol,CytochromeP4501A2,Substrate
Nimodipine,CytochromeP4503A4,Substrate
Nimodipine,CytochromeP4503A5,Substrate
Sorafenib,CytochromeP4503A5,Substrate
Sorafenib,CytochromeP4503A7,Substrate
Ivermectin,CytochromeP4503A4,Substrate
Zileuton,CytochromeP4502C9,Substrate
Zileuton,CytochromeP4503A4,Substrate
Zileuton,ProstaglandinG/Hsynthase1,Substrate
Zileuton,UDP-glucuronosyltransferase1-9,Substrate
Salmeterol,CytochromeP4503A4,Substrate
Salmeterol,CytochromeP4503A5,Substrate
Salmeterol,CytochromeP4503A7,Substrate
Sibutramine,CytochromeP4503A4,Substrate
Droxidopa,Aromatic-L-amino-aciddecarboxylase,Substrate
Canagliflozin,UDP-glucuronosyltransferase1-9,Substrate
Canagliflozin,UDP-glucuronosyltransferase2B4,Substrate
Canagliflozin,CytochromeP4503A4,Substrate
Venetoclax,CytochromeP4503A4,Substrate
Delafloxacin,UDP-glucuronosyltransferase1-1,Substrate
Delafloxacin,UDP-glucuronosyltransferase1-3,Substrate
Delafloxacin,UDP-glucuronosyltransferase2B15,Substrate
Tenofovirdisoproxil,"Adenylatekinase2,mitochondrial",Substrate
Tenofovirdisoproxil,"Adenylatekinase4,mitochondrial",Substrate
Tenofovirdisoproxil,NucleosidediphosphatekinaseA,Substrate
Tenofovirdisoproxil,NucleosidediphosphatekinaseB,Substrate
Mianserin,CytochromeP4503A4,Substrate
Mianserin,CytochromeP4501A2,Substrate
Mianserin,CytochromeP4502B6,Substrate
Adinazolam,CytochromeP4502C19,Substrate
Adinazolam,CytochromeP4503A4,Substrate
Dronabinol,CytochromeP4503A4,Substrate
Dronabinol,CytochromeP4502C9,Substrate
Dronabinol,CytochromeP4502C19,Substrate
Dronabinol,ProstaglandinG/Hsynthase1,Substrate
Dronabinol,CytochromeP4501A1,Substrate
Dronabinol,CytochromeP4502A6,Substrate
Venlafaxine,CytochromeP4502C9,Substrate
Venlafaxine,CytochromeP4502C19,Substrate
Temazepam,CytochromeP4502C19,Substrate
Temazepam,CytochromeP4503A4,Substrate
Temazepam,CytochromeP4502B6,Substrate
Temazepam,CytochromeP4502C8,Substrate
Temazepam,CytochromeP4502C9,Substrate
Trimipramine,CytochromeP4502D6,Substrate
Trimipramine,CytochromeP4502C19,Substrate
Trimipramine,CytochromeP4503A4,Substrate
Trimipramine,CytochromeP4502C9,Substrate
Phenelzine,Amineoxidase[flavin-containing]A,Substrate
Phenelzine,Amineoxidase[flavin-containing]B,Substrate
Cyclobenzaprine,CytochromeP4501A2,Substrate
Cyclobenzaprine,CytochromeP4503A4,Substrate
Cyclobenzaprine,CytochromeP4502D6,Substrate
Promazine,CytochromeP4502C19,Substrate
Promazine,CytochromeP4501A2,Substrate
Promazine,CytochromeP4503A4,Substrate
Promazine,CytochromeP4502C9,Substrate
Prochlorperazine,CytochromeP4502D6,Substrate
Prochlorperazine,CytochromeP4503A4,Substrate
Flurazepam,CytochromeP4502A6,Substrate
Flurazepam,CytochromeP4503A4,Substrate
Trifluoperazine,UDP-glucuronosyltransferase1-4,Substrate
Trifluoperazine,CytochromeP4501A2,Substrate
Vilazodone,CytochromeP4503A4,Substrate
Vilazodone,CytochromeP4502C18,Substrate
Mesoridazine,CytochromeP4502D6,Substrate
Lorazepam,UDP-glucuronosyltransferase2B15,Substrate
Thioridazine,CytochromeP4502C19,Substrate
Thiothixene,CytochromeP4501A2,Substrate
Oxazepam,CytochromeP4503A4,Substrate
Oxazepam,CytochromeP4503A43,Substrate
Oxazepam,CytochromeP4503A5,Substrate
Oxazepam,CytochromeP4503A7,Substrate
Oxazepam,UDP-glucuronosyltransferase2B15,Substrate
Oxazepam,UDP-glucuronosyltransferase2B7,Substrate
Oxazepam,UDP-glucuronosyltransferase1-9,Substrate
Doxepin,CytochromeP4502C19,Substrate
Doxepin,CytochromeP4502C9,Substrate
Doxepin,CytochromeP4501A2,Substrate
Doxepin,CytochromeP4503A4,Substrate
Nortriptyline,CytochromeP4503A4,Substrate
Nortriptyline,CytochromeP4501A2,Substrate
Nortriptyline,CytochromeP4502C19,Substrate
Nortriptyline,CytochromeP4502C9,Substrate
Nortriptyline,CytochromeP4503A5,Substrate
Nortriptyline,ProstaglandinG/Hsynthase1,Substrate
Maprotiline,CytochromeP4502D6,Substrate
Maprotiline,CytochromeP4501A2,Substrate
Diazepam,CytochromeP4503A5,Substrate
Diazepam,CytochromeP4503A7,Substrate
Diazepam,CytochromeP4502B6,Substrate
Diazepam,CytochromeP4502C18,Substrate
Diazepam,CytochromeP4502C8,Substrate
Diazepam,ProstaglandinG/Hsynthase1,Substrate
Perphenazine,CytochromeP4502B6,Substrate
Perphenazine,CytochromeP4502C18,Substrate
Perphenazine,CytochromeP4502C19,Substrate
Perphenazine,CytochromeP4502C8,Substrate
Perphenazine,CytochromeP4502C9,Substrate
Perphenazine,CytochromeP4503A4,Substrate
Buspirone,CytochromeP4503A4,Substrate
Buspirone,CytochromeP4503A5,Substrate
Buspirone,CytochromeP4503A7,Substrate
Buspirone,CytochromeP4502D6,Substrate
Desipramine,CytochromeP4502C18,Substrate
Desipramine,CytochromeP4501A2,Substrate
Imipramine,CytochromeP4503A4,Substrate
Imipramine,CytochromeP4503A7,Substrate
Imipramine,CytochromeP4502B6,Substrate
Imipramine,CytochromeP4502C18,Substrate
Nilutamide,NADPH--cytochromeP450reductase,Substrate
Nandrolonephenpropionate,CytochromeP45019A1,Substrate
Methadone,CytochromeP4502C19,Substrate
Methadone,CytochromeP4503A5,Substrate
Methadone,CytochromeP4503A7,Substrate
Methadone,CytochromeP4502B6,Substrate
Methadone,CytochromeP4502C8,Substrate
Methadone,CytochromeP45019A1,Substrate
Methadone,CytochromeP4501A2,Substrate
Methadone,CytochromeP4502C18,Substrate
Methadone,CytochromeP4502C9,Substrate
Palonosetron,CytochromeP4502D6,Substrate
Palonosetron,CytochromeP4503A4,Substrate
Palonosetron,CytochromeP4501A2,Substrate
Diflunisal,UDP-glucuronosyltransferase1-8,Substrate
IsosorbideMononitrate,CytochromeP4503A4,Substrate
Hydroxyprogesteronecaproate,CytochromeP4503A4,Substrate
Hydroxyprogesteronecaproate,CytochromeP4503A5,Substrate
Benzathinebenzylpenicillin,Beta-lactamase,Substrate
Atorvastatin,CytochromeP4503A5,Substrate
Atorvastatin,CytochromeP4503A7,Substrate
Atorvastatin,UDP-glucuronosyltransferase1-1,Substrate
Atorvastatin,UDP-glucuronosyltransferase1-3,Substrate
Atorvastatin,UDP-glucuronosyltransferase2B7,Substrate
Ribavirin,Adenosinekinase,Substrate
Ribavirin,Adenosinekinase,Substrate
Succinylcholine,Cholinesterase,Substrate
Ropinirole,CytochromeP4503A4,Substrate
Levomilnacipran,CytochromeP4503A4,Substrate
Levomilnacipran,CytochromeP4502C8,Substrate
Levomilnacipran,CytochromeP4502C19,Substrate
Levomilnacipran,CytochromeP4502D6,Substrate
Levomilnacipran,CytochromeP4502J2,Substrate
Terfenadine,CytochromeP4503A7,Substrate
Terfenadine,CytochromeP4502C9,Substrate
Terfenadine,CytochromeP4503A5,Substrate
Darifenacin,CytochromeP4503A4,Substrate
Piperazine,CytochromeP4502D6,Substrate
Imiquimod,CytochromeP4501A2,Substrate
Imiquimod,CytochromeP4503A4,Substrate
Etoposide,CytochromeP4503A5,Substrate
Dapsone,CytochromeP4502C9,Substrate
Cyclosporine,CytochromeP4503A5,Substrate
Cyclosporine,CytochromeP4503A7,Substrate
Desvenlafaxine,CytochromeP4503A4,Substrate
Rofecoxib,CytochromeP4503A4,Substrate
Eletriptan,CytochromeP4503A4,Substrate
Bexarotene,CytochromeP4503A4,Substrate
Felbamate,CytochromeP4503A4,Substrate
Rifabutin,CytochromeP4503A4,Substrate
Verapamil,CytochromeP4502B6,Substrate
Pantoprazole,CytochromeP4503A4,Substrate
Pantoprazole,CytochromeP4501A2,Substrate
Rifampicin,CytochromeP4503A4,Substrate
Rifampicin,CytochromeP4502C9,Substrate
Phenobarbital,CytochromeP4502C19,Substrate
Phenobarbital,CytochromeP4502C9,Substrate
Phenobarbital,CytochromeP4502E1,Substrate
Nicotine,CytochromeP4501A1,Substrate
Nicotine,CytochromeP4501A2,Substrate
Pioglitazone,CytochromeP4503A4,Substrate
ValproicAcid,CytochromeP4502A6,Substrate
Dexamethasone,CytochromeP4503A5,Substrate
Dexamethasone,CytochromeP4503A7,Substrate
Teniposide,CytochromeP4503A4,Substrate
Vinorelbine,CytochromeP4503A4,Substrate
Vinorelbine,CytochromeP4502D6,Substrate
Erlotinib,CytochromeP4502C8,Substrate
Vinblastine,CytochromeP4503A4,Substrate
Vinblastine,CytochromeP4502D6,Substrate
Vincristine,CytochromeP4503A4,Substrate
Ticagrelor,CytochromeP4503A4,Substrate
Haloperidol,CytochromeP4503A4,Substrate
Phenylbutazone,CytochromeP4502C9,Substrate
Dexfenfluramine,CytochromeP4502D6,Substrate
Dexfenfluramine,CytochromeP4501A2,Substrate
Ziprasidone,CytochromeP4503A4,Substrate
Methamphetamine,CytochromeP4502D6,Substrate
Lornoxicam,CytochromeP4502C9,Substrate
Dexlansoprazole,CytochromeP4502C19,Substrate
Vernakalant,CytochromeP4502D6,Substrate
Enasidenib,CytochromeP4501A2,Substrate
Enasidenib,CytochromeP4502C8,Substrate
Enasidenib,CytochromeP4502C9,Substrate
Enasidenib,CytochromeP4502C19,Substrate
Enasidenib,CytochromeP4502D6,Substrate
Enasidenib,UDP-glucuronosyltransferase1-1,Substrate
Posaconazole,CytochromeP4503A4,Substrate
Dolasetron,CytochromeP4502D6,Substrate
Temsirolimus,CytochromeP4503A4,Substrate
Temsirolimus,CytochromeP4503A5,Substrate
Clarithromycin,CytochromeP4503A5,Substrate
Clarithromycin,CytochromeP4502C19,Substrate
Clarithromycin,CytochromeP4503A7,Substrate
Mirabegron,CytochromeP4502D6,Substrate
Temafloxacin,CytochromeP4501A2,Substrate
Parecoxib,CytochromeP4502C9,Substrate
Troglitazone,CytochromeP4502C19,Substrate
Troglitazone,CytochromeP4502C8,Substrate
Troglitazone,CytochromeP4502C9,Substrate
Troglitazone,UDP-glucuronosyltransferase1-6,Substrate
Meloxicam,CytochromeP4502C9,Substrate
Meloxicam,CytochromeP4502C8,Substrate
Clozapine,CytochromeP4501A2,Substrate
Clozapine,CytochromeP4502D6,Substrate
Clozapine,CytochromeP4502C9,Substrate
Clozapine,CytochromeP4502C19,Substrate
Pimozide,CytochromeP4503A4,Substrate
Lomefloxacin,CytochromeP4501A2,Substrate
Midazolam,CytochromeP4503A4,Substrate
Midazolam,CytochromeP4503A7,Substrate
Leflunomide,CytochromeP4502C9,Substrate
Alprazolam,CytochromeP4503A4,Substrate
Ivacaftor,CytochromeP4503A4,Substrate
Lovastatin,CytochromeP4503A4,Substrate
Voriconazole,CytochromeP4502C19,Substrate
Voriconazole,CytochromeP4503A4,Substrate
Voriconazole,CytochromeP4502C9,Substrate
Telaprevir,CytochromeP4503A4,Substrate
Simeprevir,CYP3A(ProteinGroup),Substrate
Candesartan,CytochromeP4502C9,Substrate
Citalopram,CytochromeP4502C19,Substrate
Citalopram,CytochromeP4502D6,Substrate
Sirolimus,CytochromeP4503A4,Substrate
Valdecoxib,CytochromeP4502C9,Substrate
Rosiglitazone,CytochromeP4502C8,Substrate
Rosiglitazone,CytochromeP4502C9,Substrate
Duloxetine,CytochromeP4502D6,Substrate
Dextropropoxyphene,CytochromeP4503A4,Substrate
Tamoxifen,CytochromeP4502D6,Substrate
Tamoxifen,CytochromeP4502C9,Substrate
Tamoxifen,CytochromeP4502B6,Substrate
Tamoxifen,CytochromeP4501B1,Substrate
Etodolac,CytochromeP4502C9,Substrate
Atazanavir,CytochromeP4503A4,Substrate
Quetiapine,CytochromeP4502D6,Substrate
Cyclosporine,CytochromeP4503A4,Substrate
Mirtazapine,CytochromeP4503A4,Substrate
Mirtazapine,CytochromeP4501A2,Substrate
Esomeprazole,CytochromeP4502C19,Substrate
Mephenytoin,CytochromeP4502C19,Substrate
Rabeprazole,CytochromeP4503A4,Substrate
Rabeprazole,CytochromeP4502C19,Substrate
Pentoxifylline,CytochromeP4501A2,Substrate
Fluvoxamine,CytochromeP4502D6,Substrate
Fluvoxamine,CytochromeP4501A2,Substrate
Bortezomib,CytochromeP4503A4,Substrate
Bortezomib,CytochromeP4502C19,Substrate
Bortezomib,CytochromeP4502D6,Substrate
Bortezomib,CytochromeP4501A2,Substrate
Bortezomib,CytochromeP4502C9,Substrate
Chlorpromazine,CytochromeP4502D6,Substrate
Warfarin,CytochromeP4502C9,Substrate
Warfarin,CytochromeP4502C19,Substrate
Warfarin,CytochromeP4502C8,Substrate
Repaglinide,CytochromeP4503A4,Substrate
Amiodarone,CytochromeP4503A4,Substrate
Amiodarone,CytochromeP4502D6,Substrate
Amiodarone,CytochromeP4502C9,Substrate
Amiodarone,CytochromeP4501A2,Substrate
Paroxetine,CytochromeP4502D6,Substrate
Ticlopidine,CytochromeP4502C19,Substrate
Ticlopidine,CytochromeP4502D6,Substrate
Ticlopidine,CytochromeP4503A4,Substrate
Rofecoxib,CytochromeP4501A2,Substrate
Tolbutamide,CytochromeP4502C9,Substrate
Tolbutamide,CytochromeP4502C8,Substrate
Selegiline,CytochromeP4501A2,Substrate
Selegiline,CytochromeP4502C9,Substrate
Sulfinpyrazone,CytochromeP4502C9,Substrate
Pazopanib,CytochromeP4503A4,Substrate
Pazopanib,CytochromeP4502D6,Substrate
Betaxolol,CytochromeP4502D6,Substrate
Cerivastatin,CytochromeP4502C8,Substrate
Astemizole,CytochromeP4503A4,Substrate
Aprepitant,CytochromeP4503A4,Substrate
Aprepitant,CytochromeP4503A5,Substrate
Aprepitant,CytochromeP4503A7,Substrate
Aprepitant,CytochromeP4502C19,Substrate
Nefazodone,CytochromeP4503A4,Substrate
Nefazodone,CytochromeP4502D6,Substrate
Iloperidone,CytochromeP4503A4,Substrate
Lurasidone,CytochromeP4503A4,Substrate
Crizotinib,CytochromeP4503A4,Substrate
Crizotinib,CytochromeP4503A5,Substrate
Ranitidine,CytochromeP4501A2,Substrate
Ranitidine,CytochromeP4502D6,Substrate
Clomipramine,CytochromeP4502D6,Substrate
Indinavir,CytochromeP4503A4,Substrate
Indinavir,CytochromeP4503A5,Substrate
Indinavir,CytochromeP4503A7,Substrate
Thiabendazole,CytochromeP4501A2,Substrate
Flecainide,CytochromeP4502D6,Substrate
Saquinavir,CytochromeP4503A4,Substrate
Saquinavir,CytochromeP4503A5,Substrate
Saquinavir,CytochromeP4503A7,Substrate
Saquinavir,CytochromeP4502D6,Substrate
Ketazolam,CytochromeP4503A4,Substrate
Etoricoxib,CytochromeP4503A4,Substrate
Etoricoxib,CytochromeP4502C9,Substrate
Etoricoxib,CytochromeP4502D6,Substrate
Etoricoxib,CytochromeP4501A2,Substrate
Dasatinib,CytochromeP4503A4,Substrate
Mibefradil,CytochromeP4503A4,Substrate
Eltrombopag,CytochromeP4502C8,Substrate
Eltrombopag,CytochromeP4501A2,Substrate
Omeprazole,CytochromeP4502C19,Substrate
Omeprazole,CytochromeP4502C9,Substrate
Amphetamine,CytochromeP4502D6,Substrate
Melatonin,CytochromeP4501A1,Substrate
Melatonin,CytochromeP4501A2,Substrate
Melatonin,CytochromeP4501B1,Substrate
Melatonin,Myeloperoxidase,Substrate
Lansoprazole,CytochromeP4502C19,Substrate
Lansoprazole,CytochromeP4502C8,Substrate
Imatinib,CytochromeP4503A4,Substrate
Imatinib,CytochromeP4503A5,Substrate
Imatinib,CytochromeP4503A7,Substrate
Imatinib,CytochromeP4502C9,Substrate
Imatinib,CytochromeP4502D6,Substrate
Simvastatin,CytochromeP4502C8,Substrate
Simvastatin,CytochromeP4502D6,Substrate
Verapamil,CytochromeP4503A4,Substrate
Verapamil,CytochromeP4503A5,Substrate
Verapamil,CytochromeP4503A7,Substrate
Verapamil,CytochromeP4501A2,Substrate
Verapamil,CytochromeP4502C9,Substrate
Ondansetron,CytochromeP4501A2,Substrate
Ondansetron,CytochromeP4502D6,Substrate
Cocaine,CytochromeP4503A4,Substrate
Escitalopram,CytochromeP4502D6,Substrate
Docetaxel,CytochromeP4503A4,Substrate
Boceprevir,CytochromeP4503A4,Substrate
Boceprevir,CytochromeP4503A5,Substrate
Valsartan,CytochromeP4502C9,Substrate
Nisoldipine,CytochromeP4503A4,Substrate
Quinidine,CytochromeP4502C9,Substrate
Loratadine,CytochromeP4502C8,Substrate
Loratadine,CytochromeP4502C9,Substrate
Nelfinavir,CytochromeP4502C19,Substrate
Nelfinavir,CytochromeP4503A4,Substrate
Nelfinavir,CytochromeP4503A5,Substrate
Nelfinavir,CytochromeP4503A7,Substrate
Caffeine,CytochromeP4501A2,Substrate
Caffeine,CytochromeP4503A4,Substrate
L-Tryptophan,Tryptophan--tRNAligase,Substrate
L-Tryptophan,"Tryptophan--tRNAligase,mitochondrial",Substrate
L-Tryptophan,"Tryptophan--tRNAligase,cytoplasmic",Substrate
Ibuprofen,CytochromeP4502C9,Substrate
Chlorphenamine,CytochromeP4502D6,Substrate
Diphenhydramine,CytochromeP4502D6,Substrate
Dextromethorphan,CytochromeP4502D6,Substrate
Ajmaline,CytochromeP4502D6,Substrate
Antipyrine,CytochromeP4502C19,Substrate
Antipyrine,CytochromeP4503A4,Substrate
Antipyrine,CytochromeP4502B6,Substrate
Antipyrine,CytochromeP4502D6,Substrate
Clotiazepam,CytochromeP4503A4,Substrate
Trimethoprim,CytochromeP4502C8,Substrate
Trimethoprim,CytochromeP4502C9,Substrate
Fentanyl,CytochromeP4503A4,Substrate
Tadalafil,CytochromeP4503A4,Substrate
Fluvastatin,CytochromeP4502C8,Substrate
Fluvastatin,CytochromeP4502D6,Substrate
Pergolide,CytochromeP4503A4,Substrate
Darunavir,CytochromeP4503A4,Substrate
Pravastatin,CytochromeP4502C9,Substrate
Pravastatin,CytochromeP4503A4,Substrate
Sildenafil,CytochromeP4503A4,Substrate
Sildenafil,CytochromeP4502C9,Substrate
Sildenafil,CytochromeP4502C19,Substrate
Sildenafil,CytochromeP4502D6,Substrate
Sildenafil,CytochromeP4502E1,Substrate
Pantoprazole,CytochromeP4502C19,Substrate
Ergotamine,CytochromeP4503A4,Substrate
Risperidone,CytochromeP4502D6,Substrate
Risperidone,CytochromeP4503A4,Substrate
Prednisolone,CytochromeP4503A4,Substrate
Letrozole,CytochromeP4502A6,Substrate
Letrozole,CytochromeP45019A1,Substrate
Bupropion,CytochromeP4502B6,Substrate
Bupropion,CytochromeP4502D6,Substrate
Yohimbine,CytochromeP4502D6,Substrate
Sulfamethoxazole,CytochromeP4502C9,Substrate
Sulfamethoxazole,CytochromeP4503A4,Substrate
Glyburide,CytochromeP4502C9,Substrate
Glyburide,CytochromeP4503A4,Substrate
Nicotine,CytochromeP4502A6,Substrate
Nicotine,CytochromeP4502E1,Substrate
Tramadol,CytochromeP4502D6,Substrate
Tramadol,CytochromeP4503A4,Substrate
Diclofenac,CytochromeP4502C9,Substrate
Diclofenac,CytochromeP4501A2,Substrate
Rosuvastatin,CytochromeP4502C9,Substrate
Rosuvastatin,CytochromeP4503A4,Substrate
Tacrolimus,CytochromeP4503A4,Substrate
Amitriptyline,CytochromeP4502D6,Substrate
Amitriptyline,CytochromeP4501A2,Substrate
Amitriptyline,CytochromeP4502C19,Substrate
Amitriptyline,CytochromeP4502C8,Substrate
Amitriptyline,CytochromeP4502E1,Substrate
Pioglitazone,CytochromeP4502C8,Substrate
Pioglitazone,CytochromeP4502C9,Substrate
ValproicAcid,CytochromeP4502C9,Substrate
ValproicAcid,CytochromeP4502C19,Substrate
Fluticasonepropionate,CytochromeP4503A4,Substrate
Fluticasonepropionate,CytochromeP4503A5,Substrate
Miconazole,CytochromeP4503A4,Substrate
Fluoxetine,CytochromeP4502C9,Substrate
Fluoxetine,CytochromeP4502D6,Substrate
Fluoxetine,CytochromeP4501A2,Substrate
Fluoxetine,CytochromeP4503A4,Substrate
Fluoxetine,CytochromeP4502C19,Substrate
Bromocriptine,CytochromeP4503A4,Substrate
Sorafenib,CytochromeP4503A4,Substrate
Sorafenib,CytochromeP4502B6,Substrate
Sorafenib,CytochromeP4502C8,Substrate
Sorafenib,UDP-glucuronosyltransferase1-9,Substrate
Raloxifene,CytochromeP4503A4,Substrate
Zileuton,CytochromeP4501A2,Substrate
Mifepristone,CytochromeP4503A5,Substrate
Isradipine,CytochromeP4503A4,Substrate
Mianserin,CytochromeP4502D6,Substrate
Venlafaxine,CytochromeP4502D6,Substrate
Venlafaxine,CytochromeP4503A4,Substrate
Fluphenazine,CytochromeP4502D6,Substrate
Vilazodone,CytochromeP4502D6,Substrate
Methotrimeprazine,CytochromeP4502D6,Substrate
Thioridazine,CytochromeP4502D6,Substrate
Thioridazine,CytochromeP4501A2,Substrate
Doxepin,CytochromeP4502D6,Substrate
Nortriptyline,CytochromeP4502D6,Substrate
Diazepam,CytochromeP4503A4,Substrate
Diazepam,CytochromeP4502C19,Substrate
Diazepam,CytochromeP4502C9,Substrate
Diazepam,CytochromeP4501A2,Substrate
Perphenazine,CytochromeP4502D6,Substrate
Perphenazine,CytochromeP4501A2,Substrate
Desipramine,CytochromeP4502D6,Substrate
Desipramine,CytochromeP4502C19,Substrate
Imipramine,CytochromeP4502D6,Substrate
Imipramine,CytochromeP4502C19,Substrate
Imipramine,CytochromeP4501A2,Substrate
Nilutamide,CytochromeP4502C19,Substrate
Methadone,CytochromeP4502D6,Substrate
Fosamprenavir,CytochromeP4503A4,Substrate
Atorvastatin,CytochromeP4502C8,Substrate
Sulfisoxazole,CytochromeP4502C9,Substrate
Ropinirole,CytochromeP4501A2,Substrate
Moclobemide,CytochromeP4502C19,Substrate
Moclobemide,CytochromeP4501A2,Substrate
Terfenadine,CytochromeP4502D6,Substrate
Darifenacin,CytochromeP4502D6,Substrate
Etoposide,CytochromeP4503A4,Substrate
Haloperidol,CytochromeP4502D6,Substrate
Enasidenib,CytochromeP4502B6,Substrate
Enasidenib,CytochromeP4503A4,Substrate
Clarithromycin,CytochromeP4503A4,Substrate
Modafinil,CytochromeP4503A4,Substrate
Troglitazone,CytochromeP4503A4,Substrate
Clozapine,CytochromeP4503A4,Substrate
Aripiprazole,CytochromeP4502D6,Substrate
Rilpivirine,CytochromeP4503A4,Substrate
Tesmilifene,CytochromeP4503A4,Substrate
Tamoxifen,CytochromeP4503A4,Substrate
Mirtazapine,CytochromeP4502D6,Substrate
Granisetron,CytochromeP4502D6,Substrate
Sulfinpyrazone,CytochromeP4503A4,Substrate
Cerivastatin,CytochromeP4503A4,Substrate
Lopinavir,CytochromeP4503A4,Substrate
Gemfibrozil,CytochromeP4503A4,Substrate
Omeprazole,CytochromeP4503A4,Substrate
Omeprazole,CytochromeP4501A2,Substrate
Lansoprazole,CytochromeP4502C9,Substrate
Lansoprazole,CytochromeP4503A4,Substrate
Simvastatin,CytochromeP4503A4,Substrate
Docetaxel,CytochromeP4501B1,Substrate
Quinidine,CytochromeP4503A4,Substrate
Colchicine,CytochromeP4503A4,Substrate
Loratadine,CytochromeP4503A4,Substrate
Loratadine,CytochromeP4502D6,Substrate
Fluvastatin,CytochromeP4503A4,Substrate
Fluvastatin,CytochromeP4502C9,Substrate
Prednisone,CytochromeP4503A4,Substrate
Rifampicin,CytochromeP4502C8,Substrate
Rifampicin,CytochromeP4502A6,Substrate
Dexamethasone,CytochromeP4503A4,Substrate
Ethanol,CytochromeP4502E1,Substrate
Ethanol,CytochromeP4503A4,Substrate
Mifepristone,CytochromeP4503A4,Substrate
Methadone,CytochromeP4503A4,Substrate
Atorvastatin,CytochromeP4503A4,Substrate
Moclobemide,CytochromeP4502D6,Substrate
Terfenadine,CytochromeP4503A4,Substrate
Modafinil,CytochromeP4502C19,Inducer
Modafinil,CytochromeP4501A2,Inducer
Modafinil,CytochromeP4502B6,Inducer
Modafinil,CytochromeP4502C9,Inducer
Modafinil,CytochromeP4503A5,Inducer
Reboxetine,CytochromeP4502D6,Inducer
EllagicAcid,CytochromeP4501A1,Inducer
Troglitazone,CytochromeP4503A5,Inducer
Troglitazone,CytochromeP4503A7,Inducer
Lovastatin,CytochromeP4502C9,Inducer
Ursodeoxycholicacid,CytochromeP4502E1,Inducer
Cerivastatin,CytochromeP4502C9,Inducer
Aprepitant,CytochromeP4502C9,Inducer
Metyrapone,CytochromeP4503A4,Inducer
Lumacaftor,CytochromeP4502C8,Inducer
Lumacaftor,CytochromeP4502C9,Inducer
Phentermine,CytochromeP4502C9,Inducer
Lopinavir,CytochromeP4502C19,Inducer
Gemfibrozil,CytochromeP4502C8,Inducer
Simvastatin,CytochromeP4502C9,Inducer
Colchicine,CytochromeP4502C8,Inducer
Colchicine,CytochromeP4502C9,Inducer
Loratadine,CytochromeP4502C19,Inducer
Clotrimazole,CytochromeP4503A4,Inducer
Clotrimazole,CytochromeP4502B6,Inducer
Phenobarbital,CytochromeP4502A6,Inducer
Dexamethasone,CytochromeP4501A1,Inducer
Atorvastatin,CytochromeP4502C9,Inducer
Etoposide,CytochromeP4503A5,Inducer
Dapsone,CytochromeP4502C9,Inducer
Cyclosporine,CytochromeP4503A5,Inducer
Cyclosporine,CytochromeP4503A7,Inducer
Desvenlafaxine,CytochromeP4503A4,Inducer
Rofecoxib,CytochromeP4503A4,Inducer
Eletriptan,CytochromeP4503A4,Inducer
Bexarotene,CytochromeP4503A4,Inducer
Felbamate,CytochromeP4503A4,Inducer
Rifabutin,CytochromeP4503A4,Inducer
Verapamil,CytochromeP4502B6,Inducer
Pantoprazole,CytochromeP4503A4,Inducer
Pantoprazole,CytochromeP4501A2,Inducer
Rifampicin,CytochromeP4503A4,Inducer
Rifampicin,CytochromeP4502C9,Inducer
Phenobarbital,CytochromeP4502C19,Inducer
Phenobarbital,CytochromeP4502C9,Inducer
Phenobarbital,CytochromeP4502E1,Inducer
Nicotine,CytochromeP4501A1,Inducer
Nicotine,CytochromeP4501A2,Inducer
Pioglitazone,CytochromeP4503A4,Inducer
ValproicAcid,CytochromeP4502A6,Inducer
Dexamethasone,CytochromeP4503A5,Inducer
Dexamethasone,CytochromeP4503A7,Inducer
Teniposide,CytochromeP4503A4,Inhibitor
Vinorelbine,CytochromeP4503A4,Inhibitor
Vinorelbine,CytochromeP4502D6,Inhibitor
Erlotinib,CytochromeP4502C8,Inhibitor
Vinblastine,CytochromeP4503A4,Inhibitor
Vinblastine,CytochromeP4502D6,Inhibitor
Vincristine,CytochromeP4503A4,Inhibitor
Ticagrelor,CytochromeP4503A4,Inhibitor
Haloperidol,CytochromeP4503A4,Inhibitor
Phenylbutazone,CytochromeP4502C9,Inhibitor
Dexfenfluramine,CytochromeP4502D6,Inhibitor
Dexfenfluramine,CytochromeP4501A2,Inhibitor
Ziprasidone,CytochromeP4503A4,Inhibitor
Methamphetamine,CytochromeP4502D6,Inhibitor
Lornoxicam,CytochromeP4502C9,Inhibitor
Dexlansoprazole,CytochromeP4502C19,Inhibitor
Vernakalant,CytochromeP4502D6,Inhibitor
Enasidenib,CytochromeP4501A2,Inhibitor
Enasidenib,CytochromeP4502C8,Inhibitor
Enasidenib,CytochromeP4502C9,Inhibitor
Enasidenib,CytochromeP4502C19,Inhibitor
Enasidenib,CytochromeP4502D6,Inhibitor
Enasidenib,UDP-glucuronosyltransferase1-1,Inhibitor
Posaconazole,CytochromeP4503A4,Inhibitor
Dolasetron,CytochromeP4502D6,Inhibitor
Temsirolimus,CytochromeP4503A4,Inhibitor
Temsirolimus,CytochromeP4503A5,Inhibitor
Clarithromycin,CytochromeP4503A5,Inhibitor
Clarithromycin,CytochromeP4502C19,Inhibitor
Clarithromycin,CytochromeP4503A7,Inhibitor
Mirabegron,CytochromeP4502D6,Inhibitor
Temafloxacin,CytochromeP4501A2,Inhibitor
Parecoxib,CytochromeP4502C9,Inhibitor
Troglitazone,CytochromeP4502C19,Inhibitor
Troglitazone,CytochromeP4502C8,Inhibitor
Troglitazone,CytochromeP4502C9,Inhibitor
Troglitazone,UDP-glucuronosyltransferase1-6,Inhibitor
Meloxicam,CytochromeP4502C9,Inhibitor
Meloxicam,CytochromeP4502C8,Inhibitor
Clozapine,CytochromeP4501A2,Inhibitor
Clozapine,CytochromeP4502D6,Inhibitor
Clozapine,CytochromeP4502C9,Inhibitor
Clozapine,CytochromeP4502C19,Inhibitor
Pimozide,CytochromeP4503A4,Inhibitor
Lomefloxacin,CytochromeP4501A2,Inhibitor
Midazolam,CytochromeP4503A4,Inhibitor
Midazolam,CytochromeP4503A7,Inhibitor
Leflunomide,CytochromeP4502C9,Inhibitor
Alprazolam,CytochromeP4503A4,Inhibitor
Ivacaftor,CytochromeP4503A4,Inhibitor
Lovastatin,CytochromeP4503A4,Inhibitor
Voriconazole,CytochromeP4502C19,Inhibitor
Voriconazole,CytochromeP4503A4,Inhibitor
Voriconazole,CytochromeP4502C9,Inhibitor
Telaprevir,CytochromeP4503A4,Inhibitor
Simeprevir,CYP3A(ProteinGroup),Inhibitor
Candesartan,CytochromeP4502C9,Inhibitor
Citalopram,CytochromeP4502C19,Inhibitor
Citalopram,CytochromeP4502D6,Inhibitor
Sirolimus,CytochromeP4503A4,Inhibitor
Valdecoxib,CytochromeP4502C9,Inhibitor
Rosiglitazone,CytochromeP4502C8,Inhibitor
Rosiglitazone,CytochromeP4502C9,Inhibitor
Duloxetine,CytochromeP4502D6,Inhibitor
Dextropropoxyphene,CytochromeP4503A4,Inhibitor
Tamoxifen,CytochromeP4502D6,Inhibitor
Tamoxifen,CytochromeP4502C9,Inhibitor
Tamoxifen,CytochromeP4502B6,Inhibitor
Tamoxifen,CytochromeP4501B1,Inhibitor
Etodolac,CytochromeP4502C9,Inhibitor
Atazanavir,CytochromeP4503A4,Inhibitor
Quetiapine,CytochromeP4502D6,Inhibitor
Cyclosporine,CytochromeP4503A4,Inhibitor
Mirtazapine,CytochromeP4503A4,Inhibitor
Mirtazapine,CytochromeP4501A2,Inhibitor
Esomeprazole,CytochromeP4502C19,Inhibitor
Mephenytoin,CytochromeP4502C19,Inhibitor
Rabeprazole,CytochromeP4503A4,Inhibitor
Rabeprazole,CytochromeP4502C19,Inhibitor
Pentoxifylline,CytochromeP4501A2,Inhibitor
Fluvoxamine,CytochromeP4502D6,Inhibitor
Fluvoxamine,CytochromeP4501A2,Inhibitor
Bortezomib,CytochromeP4503A4,Inhibitor
Bortezomib,CytochromeP4502C19,Inhibitor
Bortezomib,CytochromeP4502D6,Inhibitor
Bortezomib,CytochromeP4501A2,Inhibitor
Bortezomib,CytochromeP4502C9,Inhibitor
Chlorpromazine,CytochromeP4502D6,Inhibitor
Warfarin,CytochromeP4502C9,Inhibitor
Warfarin,CytochromeP4502C19,Inhibitor
Warfarin,CytochromeP4502C8,Inhibitor
Repaglinide,CytochromeP4503A4,Inhibitor
Amiodarone,CytochromeP4503A4,Inhibitor
Amiodarone,CytochromeP4502D6,Inhibitor
Amiodarone,CytochromeP4502C9,Inhibitor
Amiodarone,CytochromeP4501A2,Inhibitor
Paroxetine,CytochromeP4502D6,Inhibitor
Ticlopidine,CytochromeP4502C19,Inhibitor
Ticlopidine,CytochromeP4502D6,Inhibitor
Ticlopidine,CytochromeP4503A4,Inhibitor
Rofecoxib,CytochromeP4501A2,Inhibitor
Tolbutamide,CytochromeP4502C9,Inhibitor
Tolbutamide,CytochromeP4502C8,Inhibitor
Selegiline,CytochromeP4501A2,Inhibitor
Selegiline,CytochromeP4502C9,Inhibitor
Sulfinpyrazone,CytochromeP4502C9,Inhibitor
Pazopanib,CytochromeP4503A4,Inhibitor
Pazopanib,CytochromeP4502D6,Inhibitor
Betaxolol,CytochromeP4502D6,Inhibitor
Cerivastatin,CytochromeP4502C8,Inhibitor
Astemizole,CytochromeP4503A4,Inhibitor
Aprepitant,CytochromeP4503A4,Inhibitor
Aprepitant,CytochromeP4503A5,Inhibitor
Aprepitant,CytochromeP4503A7,Inhibitor
Aprepitant,CytochromeP4502C19,Inhibitor
Nefazodone,CytochromeP4503A4,Inhibitor
Nefazodone,CytochromeP4502D6,Inhibitor
Iloperidone,CytochromeP4503A4,Inhibitor
Lurasidone,CytochromeP4503A4,Inhibitor
Crizotinib,CytochromeP4503A4,Inhibitor
Crizotinib,CytochromeP4503A5,Inhibitor
Ranitidine,CytochromeP4501A2,Inhibitor
Ranitidine,CytochromeP4502D6,Inhibitor
Clomipramine,CytochromeP4502D6,Inhibitor
Indinavir,CytochromeP4503A4,Inhibitor
Indinavir,CytochromeP4503A5,Inhibitor
Indinavir,CytochromeP4503A7,Inhibitor
Thiabendazole,CytochromeP4501A2,Inhibitor
Flecainide,CytochromeP4502D6,Inhibitor
Saquinavir,CytochromeP4503A4,Inhibitor
Saquinavir,CytochromeP4503A5,Inhibitor
Saquinavir,CytochromeP4503A7,Inhibitor
Saquinavir,CytochromeP4502D6,Inhibitor
Ketazolam,CytochromeP4503A4,Inhibitor
Etoricoxib,CytochromeP4503A4,Inhibitor
Etoricoxib,CytochromeP4502C9,Inhibitor
Etoricoxib,CytochromeP4502D6,Inhibitor
Etoricoxib,CytochromeP4501A2,Inhibitor
Dasatinib,CytochromeP4503A4,Inhibitor
Mibefradil,CytochromeP4503A4,Inhibitor
Eltrombopag,CytochromeP4502C8,Inhibitor
Eltrombopag,CytochromeP4501A2,Inhibitor
Omeprazole,CytochromeP4502C19,Inhibitor
Omeprazole,CytochromeP4502C9,Inhibitor
Amphetamine,CytochromeP4502D6,Inhibitor
Melatonin,CytochromeP4501A1,Inhibitor
Melatonin,CytochromeP4501A2,Inhibitor
Melatonin,CytochromeP4501B1,Inhibitor
Melatonin,Myeloperoxidase,Inhibitor
Lansoprazole,CytochromeP4502C19,Inhibitor
Lansoprazole,CytochromeP4502C8,Inhibitor
Imatinib,CytochromeP4503A4,Inhibitor
Imatinib,CytochromeP4503A5,Inhibitor
Imatinib,CytochromeP4503A7,Inhibitor
Imatinib,CytochromeP4502C9,Inhibitor
Imatinib,CytochromeP4502D6,Inhibitor
Simvastatin,CytochromeP4502C8,Inhibitor
Simvastatin,CytochromeP4502D6,Inhibitor
Verapamil,CytochromeP4503A4,Inhibitor
Verapamil,CytochromeP4503A5,Inhibitor
Verapamil,CytochromeP4503A7,Inhibitor
Verapamil,CytochromeP4501A2,Inhibitor
Verapamil,CytochromeP4502C9,Inhibitor
Ondansetron,CytochromeP4501A2,Inhibitor
Ondansetron,CytochromeP4502D6,Inhibitor
Cocaine,CytochromeP4503A4,Inhibitor
Escitalopram,CytochromeP4502D6,Inhibitor
Docetaxel,CytochromeP4503A4,Inhibitor
Boceprevir,CytochromeP4503A4,Inhibitor
Boceprevir,CytochromeP4503A5,Inhibitor
Valsartan,CytochromeP4502C9,Inhibitor
Nisoldipine,CytochromeP4503A4,Inhibitor
Quinidine,CytochromeP4502C9,Inhibitor
Loratadine,CytochromeP4502C8,Inhibitor
Loratadine,CytochromeP4502C9,Inhibitor
Nelfinavir,CytochromeP4502C19,Inhibitor
Nelfinavir,CytochromeP4503A4,Inhibitor
Nelfinavir,CytochromeP4503A5,Inhibitor
Nelfinavir,CytochromeP4503A7,Inhibitor
Caffeine,CytochromeP4501A2,Inhibitor
Caffeine,CytochromeP4503A4,Inhibitor
L-Tryptophan,Tryptophan--tRNAligase,Inhibitor
L-Tryptophan,"Tryptophan--tRNAligase,mitochondrial",Inhibitor
L-Tryptophan,"Tryptophan--tRNAligase,cytoplasmic",Inhibitor
Ibuprofen,CytochromeP4502C9,Inhibitor
Chlorphenamine,CytochromeP4502D6,Inhibitor
Diphenhydramine,CytochromeP4502D6,Inhibitor
Dextromethorphan,CytochromeP4502D6,Inhibitor
Ajmaline,CytochromeP4502D6,Inhibitor
Antipyrine,CytochromeP4502C19,Inhibitor
Antipyrine,CytochromeP4503A4,Inhibitor
Antipyrine,CytochromeP4502B6,Inhibitor
Antipyrine,CytochromeP4502D6,Inhibitor
Clotiazepam,CytochromeP4503A4,Inhibitor
Trimethoprim,CytochromeP4502C8,Inhibitor
Trimethoprim,CytochromeP4502C9,Inhibitor
Fentanyl,CytochromeP4503A4,Inhibitor
Tadalafil,CytochromeP4503A4,Inhibitor
Fluvastatin,CytochromeP4502C8,Inhibitor
Fluvastatin,CytochromeP4502D6,Inhibitor
Pergolide,CytochromeP4503A4,Inhibitor
Darunavir,CytochromeP4503A4,Inhibitor
Pravastatin,CytochromeP4502C9,Inhibitor
Pravastatin,CytochromeP4503A4,Inhibitor
Sildenafil,CytochromeP4503A4,Inhibitor
Sildenafil,CytochromeP4502C9,Inhibitor
Sildenafil,CytochromeP4502C19,Inhibitor
Sildenafil,CytochromeP4502D6,Inhibitor
Sildenafil,CytochromeP4502E1,Inhibitor
Pantoprazole,CytochromeP4502C19,Inhibitor
Ergotamine,CytochromeP4503A4,Inhibitor
Risperidone,CytochromeP4502D6,Inhibitor
Risperidone,CytochromeP4503A4,Inhibitor
Prednisolone,CytochromeP4503A4,Inhibitor
Letrozole,CytochromeP4502A6,Inhibitor
Letrozole,CytochromeP45019A1,Inhibitor
Bupropion,CytochromeP4502B6,Inhibitor
Bupropion,CytochromeP4502D6,Inhibitor
Yohimbine,CytochromeP4502D6,Inhibitor
Sulfamethoxazole,CytochromeP4502C9,Inhibitor
Sulfamethoxazole,CytochromeP4503A4,Inhibitor
Glyburide,CytochromeP4502C9,Inhibitor
Glyburide,CytochromeP4503A4,Inhibitor
Nicotine,CytochromeP4502A6,Inhibitor
Nicotine,CytochromeP4502E1,Inhibitor
Tramadol,CytochromeP4502D6,Inhibitor
Tramadol,CytochromeP4503A4,Inhibitor
Diclofenac,CytochromeP4502C9,Inhibitor
Diclofenac,CytochromeP4501A2,Inhibitor
Rosuvastatin,CytochromeP4502C9,Inhibitor
Rosuvastatin,CytochromeP4503A4,Inhibitor
Tacrolimus,CytochromeP4503A4,Inhibitor
Amitriptyline,CytochromeP4502D6,Inhibitor
Amitriptyline,CytochromeP4501A2,Inhibitor
Amitriptyline,CytochromeP4502C19,Inhibitor
Amitriptyline,CytochromeP4502C8,Inhibitor
Amitriptyline,CytochromeP4502E1,Inhibitor
Pioglitazone,CytochromeP4502C8,Inhibitor
Pioglitazone,CytochromeP4502C9,Inhibitor
ValproicAcid,CytochromeP4502C9,Inhibitor
ValproicAcid,CytochromeP4502C19,Inhibitor
Fluticasonepropionate,CytochromeP4503A4,Inhibitor
Fluticasonepropionate,CytochromeP4503A5,Inhibitor
Miconazole,CytochromeP4503A4,Inhibitor
Fluoxetine,CytochromeP4502C9,Inhibitor
Fluoxetine,CytochromeP4502D6,Inhibitor
Fluoxetine,CytochromeP4501A2,Inhibitor
Fluoxetine,CytochromeP4503A4,Inhibitor
Fluoxetine,CytochromeP4502C19,Inhibitor
Bromocriptine,CytochromeP4503A4,Inhibitor
Sorafenib,CytochromeP4503A4,Inhibitor
Sorafenib,CytochromeP4502B6,Inhibitor
Sorafenib,CytochromeP4502C8,Inhibitor
Sorafenib,UDP-glucuronosyltransferase1-9,Inhibitor
Raloxifene,CytochromeP4503A4,Inhibitor
Zileuton,CytochromeP4501A2,Inhibitor
Mifepristone,CytochromeP4503A5,Inhibitor
Isradipine,CytochromeP4503A4,Inhibitor
Mianserin,CytochromeP4502D6,Inhibitor
Venlafaxine,CytochromeP4502D6,Inhibitor
Venlafaxine,CytochromeP4503A4,Inhibitor
Fluphenazine,CytochromeP4502D6,Inhibitor
Vilazodone,CytochromeP4502D6,Inhibitor
Methotrimeprazine,CytochromeP4502D6,Inhibitor
Thioridazine,CytochromeP4502D6,Inhibitor
Thioridazine,CytochromeP4501A2,Inhibitor
Doxepin,CytochromeP4502D6,Inhibitor
Nortriptyline,CytochromeP4502D6,Inhibitor
Diazepam,CytochromeP4503A4,Inhibitor
Diazepam,CytochromeP4502C19,Inhibitor
Diazepam,CytochromeP4502C9,Inhibitor
Diazepam,CytochromeP4501A2,Inhibitor
Perphenazine,CytochromeP4502D6,Inhibitor
Perphenazine,CytochromeP4501A2,Inhibitor
Desipramine,CytochromeP4502D6,Inhibitor
Desipramine,CytochromeP4502C19,Inhibitor
Imipramine,CytochromeP4502D6,Inhibitor
Imipramine,CytochromeP4502C19,Inhibitor
Imipramine,CytochromeP4501A2,Inhibitor
Nilutamide,CytochromeP4502C19,Inhibitor
Methadone,CytochromeP4502D6,Inhibitor
Fosamprenavir,CytochromeP4503A4,Inhibitor
Atorvastatin,CytochromeP4502C8,Inhibitor
Sulfisoxazole,CytochromeP4502C9,Inhibitor
Ropinirole,CytochromeP4501A2,Inhibitor
Moclobemide,CytochromeP4502C19,Inhibitor
Moclobemide,CytochromeP4501A2,Inhibitor
Terfenadine,CytochromeP4502D6,Inhibitor
Darifenacin,CytochromeP4502D6,Inhibitor
Etoposide,CytochromeP4503A4,Inhibitor
Etoposide,CytochromeP4503A4,Inducer
Haloperidol,CytochromeP4502D6,Inhibitor
Haloperidol,CytochromeP4502D6,Inducer
Enasidenib,CytochromeP4502B6,Inhibitor
Enasidenib,CytochromeP4502B6,Inducer
Enasidenib,CytochromeP4503A4,Inhibitor
Enasidenib,CytochromeP4503A4,Inducer
Clarithromycin,CytochromeP4503A4,Inhibitor
Clarithromycin,CytochromeP4503A4,Inducer
Modafinil,CytochromeP4503A4,Inhibitor
Modafinil,CytochromeP4503A4,Inducer
Troglitazone,CytochromeP4503A4,Inhibitor
Troglitazone,CytochromeP4503A4,Inducer
Clozapine,CytochromeP4503A4,Inhibitor
Clozapine,CytochromeP4503A4,Inducer
Aripiprazole,CytochromeP4502D6,Inhibitor
Aripiprazole,CytochromeP4502D6,Inducer
Rilpivirine,CytochromeP4503A4,Inhibitor
Rilpivirine,CytochromeP4503A4,Inducer
Tesmilifene,CytochromeP4503A4,Inhibitor
Tesmilifene,CytochromeP4503A4,Inducer
Tamoxifen,CytochromeP4503A4,Inhibitor
Tamoxifen,CytochromeP4503A4,Inducer
Mirtazapine,CytochromeP4502D6,Inhibitor
Mirtazapine,CytochromeP4502D6,Inducer
Granisetron,CytochromeP4502D6,Inhibitor
Granisetron,CytochromeP4502D6,Inducer
Sulfinpyrazone,CytochromeP4503A4,Inhibitor
Sulfinpyrazone,CytochromeP4503A4,Inducer
Cerivastatin,CytochromeP4503A4,Inhibitor
Cerivastatin,CytochromeP4503A4,Inducer
Lopinavir,CytochromeP4503A4,Inhibitor
Lopinavir,CytochromeP4503A4,Inducer
Gemfibrozil,CytochromeP4503A4,Inhibitor
Gemfibrozil,CytochromeP4503A4,Inducer
Omeprazole,CytochromeP4503A4,Inhibitor
Omeprazole,CytochromeP4503A4,Inducer
Omeprazole,CytochromeP4501A2,Inhibitor
Omeprazole,CytochromeP4501A2,Inducer
Lansoprazole,CytochromeP4502C9,Inhibitor
Lansoprazole,CytochromeP4502C9,Inducer
Lansoprazole,CytochromeP4503A4,Inhibitor
Lansoprazole,CytochromeP4503A4,Inducer
Simvastatin,CytochromeP4503A4,Inhibitor
Simvastatin,CytochromeP4503A4,Inducer
Docetaxel,CytochromeP4501B1,Inhibitor
Docetaxel,CytochromeP4501B1,Inducer
Quinidine,CytochromeP4503A4,Inhibitor
Quinidine,CytochromeP4503A4,Inducer
Colchicine,CytochromeP4503A4,Inhibitor
Colchicine,CytochromeP4503A4,Inducer
Loratadine,CytochromeP4503A4,Inhibitor
Loratadine,CytochromeP4503A4,Inducer
Loratadine,CytochromeP4502D6,Inhibitor
Loratadine,CytochromeP4502D6,Inducer
Fluvastatin,CytochromeP4503A4,Inhibitor
Fluvastatin,CytochromeP4503A4,Inducer
Fluvastatin,CytochromeP4502C9,Inhibitor
Fluvastatin,CytochromeP4502C9,Inducer
Prednisone,CytochromeP4503A4,Inhibitor
Prednisone,CytochromeP4503A4,Inducer
Rifampicin,CytochromeP4502C8,Inhibitor
Rifampicin,CytochromeP4502C8,Inducer
Rifampicin,CytochromeP4502A6,Inhibitor
Rifampicin,CytochromeP4502A6,Inducer
Dexamethasone,CytochromeP4503A4,Inhibitor
Dexamethasone,CytochromeP4503A4,Inducer
Ethanol,CytochromeP4502E1,Inhibitor
Ethanol,CytochromeP4502E1,Inducer
Ethanol,CytochromeP4503A4,Inhibitor
Ethanol,CytochromeP4503A4,Inducer
Mifepristone,CytochromeP4503A4,Inhibitor
Mifepristone,CytochromeP4503A4,Inducer
Methadone,CytochromeP4503A4,Inhibitor
Methadone,CytochromeP4503A4,Inducer
Atorvastatin,CytochromeP4503A4,Inhibitor
Atorvastatin,CytochromeP4503A4,Inducer
Moclobemide,CytochromeP4502D6,Inhibitor
Moclobemide,CytochromeP4502D6,Inducer
Terfenadine,CytochromeP4503A4,Inhibitor
Terfenadine,CytochromeP4503A4,Inducer
